Date,Time,Voltage,Current,Power Factor,Power,Energy,Frequency,Light bulb
11 08 2024,13:04:16,0,0,0,0,0,0,0
11 08 2024,13:04:20,0,0,0,0,0,0,0
11 08 2024,13:04:25,0,0,0,0,0,0,0
11 08 2024,13:04:29,257,0.08,0.54,10.5,0,50.1,1
11 08 2024,13:04:33,257.5,0.08,0.55,10.6,0,50.1,1
11 08 2024,13:04:37,255.9,0.08,0.55,10.6,0,50.1,1
11 08 2024,13:04:41,256.3,0.08,0.55,10.5,0,50.1,1
11 08 2024,13:04:44,256.4,0.08,0.55,10.6,0,50.1,1
11 08 2024,13:04:48,257.8,0.08,0.55,10.6,0,50.1,1
11 08 2024,13:04:52,254.6,0.08,0.55,10.5,0,50.1,1
11 08 2024,13:04:56,253.7,0.08,0.55,10.5,0,50.1,1
11 08 2024,13:05:00,254.7,0.08,0.55,10.5,0,50.1,1
11 08 2024,13:05:03,256.2,0.08,0.55,10.6,0,50.1,1
11 08 2024,13:05:07,256.3,0.08,0.55,10.5,0,50.2,1
11 08 2024,13:05:11,254,0.08,0.55,10.5,0,50.1,1
11 08 2024,13:05:15,254.9,0.08,0.55,10.5,0,50.1,1
11 08 2024,13:05:19,257.6,0.08,0.54,10.5,0,50.1,1
11 08 2024,13:05:23,257.2,0.08,0.54,10.5,0,50.2,1
11 08 2024,13:05:27,254.8,0.08,0.55,10.5,0,50.1,1
11 08 2024,13:05:31,0,0,0,0,0,0,0
11 08 2024,13:05:35,0,0,0,0,0,0,0
11 08 2024,13:05:40,0,0,0,0,0,0,0
11 08 2024,13:05:45,0,0,0,0,0,0,0
11 08 2024,13:05:49,256.5,0.08,0.55,10.6,0,50.2,1
11 08 2024,13:05:53,256.7,0.08,0.55,10.6,0,50.1,1
11 08 2024,13:05:57,255.5,0.08,0.55,10.6,0,50.1,1
11 08 2024,13:06:00,254.1,0.08,0.55,10.5,0,50.2,1
11 08 2024,13:06:04,255.2,0.08,0.55,10.5,0,50.1,1
11 08 2024,13:06:08,256.6,0.08,0.55,10.6,0,50.1,1
11 08 2024,13:06:12,255.7,0.08,0.55,10.5,0,50.1,1
11 08 2024,13:06:15,255.9,0.08,0.55,10.6,0,50.1,1
11 08 2024,13:06:19,256.4,0.08,0.55,10.6,0,50.1,1
11 08 2024,13:06:23,256.5,0.08,0.55,10.6,0,50.1,1
11 08 2024,13:06:26,256.7,0.08,0.55,10.5,0,50.1,1
11 08 2024,13:06:30,256.2,0.08,0.55,10.5,0,50.2,1
11 08 2024,13:06:34,257,0.08,0.54,10.5,0,50.1,1
11 08 2024,13:06:38,255.5,0.08,0.55,10.5,0,50.1,1
11 08 2024,13:06:41,256,0.08,0.55,10.5,0,50.1,1
11 08 2024,13:06:45,256.6,0.08,0.55,10.6,0,50.1,1
11 08 2024,13:06:49,0,0,0,0,0,0,0
11 08 2024,13:06:54,0,0,0,0,0,0,0
11 08 2024,13:06:59,0,0,0,0,0,0,0
11 08 2024,13:07:03,0,0,0,0,0,0,0
11 08 2024,13:07:07,0,0,0.55,10.6,0,50.1,0
11 08 2024,13:07:11,256.2,0.08,0.55,10.6,0,50.1,1
11 08 2024,13:07:15,255.1,0.08,0.55,10.6,0,50.1,1
11 08 2024,13:07:19,256.6,0.07,0.56,10.6,0,50.1,1
11 08 2024,13:07:22,256.5,0.07,0.56,10.6,0,50.1,1
11 08 2024,13:07:26,256.4,0.07,0.56,10.6,0,50.1,1
11 08 2024,13:07:30,257,0.08,0.54,10.5,0,50.1,1
11 08 2024,13:07:34,256.2,0.08,0.55,10.6,0,50.1,1
11 08 2024,13:07:38,255.1,0.08,0.55,10.6,0,50.1,1
11 08 2024,13:07:42,255.2,0.08,0.55,10.5,0,50.1,1
11 08 2024,13:07:47,256.6,0.07,0.56,10.6,0,50.1,1
11 08 2024,13:07:51,255.1,0.08,0.55,10.5,0,50.1,1
11 08 2024,13:07:55,254.9,0.08,0.55,10.5,0,50.1,1
11 08 2024,13:07:59,255.9,0.07,0.55,10.5,0,50.1,1
11 08 2024,13:08:02,257,0.07,0.55,10.5,0,50.1,1
11 08 2024,13:08:06,255,0.08,0.55,10.5,0,50.1,1
11 08 2024,13:08:10,0,0,0,0,0,0,0
11 08 2024,13:08:15,0,0,0,0,0,0,0
11 08 2024,13:08:19,0,0,0,0,0,0,0
11 08 2024,13:08:24,0,0,0,0,0,0,0
11 08 2024,13:08:27,255.3,0.08,0.55,10.6,0,50.1,1
11 08 2024,13:08:31,255.5,0.08,0.55,10.6,0,50.1,1
11 08 2024,13:08:35,254.5,0.08,0.56,10.6,0,50.1,1
11 08 2024,13:08:41,254,0.08,0.56,10.6,0,50.1,1
11 08 2024,13:08:45,254.6,0.08,0.56,10.6,0,50.1,1
11 08 2024,13:08:49,253.8,0.08,0.55,10.5,0,50.1,1
11 08 2024,13:08:52,253.3,0.08,0.55,10.5,0,50.1,1
11 08 2024,13:08:56,254.6,0.08,0.56,10.6,0,50.1,1
11 08 2024,13:08:59,257.8,0.07,0.56,10.6,0,50.1,1
11 08 2024,13:09:03,257.5,0.07,0.56,10.6,0,50.1,1
11 08 2024,13:09:07,255.1,0.07,0.56,10.5,0,50.1,1
11 08 2024,13:09:10,255.1,0.07,0.56,10.5,0,50.1,1
11 08 2024,13:09:14,257,0.07,0.56,10.6,0,50.1,1
11 08 2024,13:09:18,257.4,0.07,0.56,10.6,0,50.1,1
11 08 2024,13:09:21,256.3,0.07,0.55,10.5,0,50.1,1
11 08 2024,13:09:25,255.2,0.07,0.56,10.6,0,50.1,1
11 08 2024,13:09:30,0,0,0,0,0,0,0
11 08 2024,13:09:35,0,0,0,0,0,0,0
11 08 2024,13:09:39,0,0,0,0,0,0,0
11 08 2024,13:09:44,0,0,0,0,0,0,0
11 08 2024,13:09:48,254.8,0.08,0.55,10.6,0,50.1,1
11 08 2024,13:09:52,255.5,0.07,0.56,10.6,0,50.1,1
11 08 2024,13:09:56,257.7,0.07,0.56,10.6,0,50.1,1
11 08 2024,13:09:59,256.5,0.07,0.56,10.6,0,50.1,1
11 08 2024,13:10:03,255.1,0.07,0.56,10.6,0,50.1,1
11 08 2024,13:10:07,256.6,0.07,0.56,10.6,0,50.1,1
11 08 2024,13:10:13,257.6,0.07,0.56,10.6,0,50.1,1
11 08 2024,13:10:17,255,0.07,0.56,10.6,0,50.1,1
11 08 2024,13:10:21,255,0.08,0.55,10.5,0,50.1,1
11 08 2024,13:10:25,257.2,0.07,0.56,10.6,0,50.1,1
11 08 2024,13:10:31,257.6,0.07,0.56,10.6,0,50.1,1
11 08 2024,13:10:36,254.1,0.08,0.55,10.5,0,50.1,1
11 08 2024,13:10:39,254.5,0.07,0.56,10.5,0,50.1,1
11 08 2024,13:10:43,256.2,0.07,0.55,10.5,0,50.1,1
11 08 2024,13:10:47,255.2,0.07,0.56,10.6,0,50.1,1
11 08 2024,13:10:51,0,0,0,0,0,0,0
11 08 2024,13:10:55,0,0,0,0,0,0,0
11 08 2024,13:11:00,0,0,0,0,0,0,0
11 08 2024,13:11:04,0,0,0,0,0,0,0
11 08 2024,13:11:08,257.8,0.08,0.55,10.6,0,50.1,1
11 08 2024,13:11:12,257,0.07,0.56,10.6,0,50.1,1
11 08 2024,13:11:16,255.9,0.08,0.55,10.6,0,50.1,1
11 08 2024,13:11:19,255.5,0.08,0.55,10.6,0,50,1
11 08 2024,13:11:23,258,0.07,0.56,10.6,0,50.1,1
11 08 2024,13:11:27,257.9,0.07,0.56,10.6,0,50,1
11 08 2024,13:11:30,254.8,0.08,0.55,10.6,0,50,1
11 08 2024,13:11:34,254,0.08,0.55,10.5,0,50,1
11 08 2024,13:11:38,255.2,0.08,0.55,10.6,0,50,1
11 08 2024,13:11:42,256.3,0.08,0.55,10.6,0,50,1
11 08 2024,13:11:45,255.3,0.08,0.55,10.6,0,50,1
11 08 2024,13:11:50,254.5,0.08,0.56,10.6,0,50,1
11 08 2024,13:11:54,255.8,0.08,0.55,10.6,0,50,1
11 08 2024,13:11:58,256.9,0.07,0.55,10.5,0,50,1
11 08 2024,13:12:03,256,0.08,0.55,10.5,0,50,1
11 08 2024,13:12:07,255.8,0.07,0.56,10.6,0,50,1
11 08 2024,13:12:12,0,0,0,0,0,0,0
11 08 2024,13:12:16,0,0,0,0,0,0,0
11 08 2024,13:12:21,0,0,0,0,0,0,0
11 08 2024,13:12:26,0,0,0,0,0,0,0
11 08 2024,13:12:29,252.5,0.08,0.56,10.6,0,50,1
11 08 2024,13:12:34,255.2,0.08,0.55,10.6,0,50,1
11 08 2024,13:12:38,256.1,0.07,0.56,10.6,0,50,1
11 08 2024,13:12:41,255.9,0.08,0.55,10.6,0,50,1
11 08 2024,13:12:45,254.1,0.08,0.56,10.6,0,50,1
11 08 2024,13:12:50,255.4,0.08,0.55,10.6,0,50,1
11 08 2024,13:12:54,256.4,0.08,0.55,10.6,0,50,1
11 08 2024,13:12:58,255.6,0.08,0.55,10.6,0,50,1
11 08 2024,13:13:01,255.4,0.08,0.55,10.6,0,50,1
11 08 2024,13:13:06,255.5,0.07,0.56,10.6,0,50,1
11 08 2024,13:13:10,255.6,0.08,0.55,10.6,0,50,1
11 08 2024,13:13:14,255.5,0.08,0.55,10.6,0,49.9,1
11 08 2024,13:13:18,255.4,0.08,0.55,10.6,0,49.9,1
11 08 2024,13:13:22,256.5,0.08,0.55,10.6,0,49.9,1
11 08 2024,13:13:25,254.2,0.07,0.56,10.5,0,49.9,1
11 08 2024,13:13:29,251.7,0.08,0.56,10.5,0,49.9,1
11 08 2024,13:13:33,0,0,0,0,0,0,0
11 08 2024,13:13:38,0,0,0,0,0,0,0
11 08 2024,13:13:42,0,0,0,0,0,0,0
11 08 2024,13:13:46,0,0,0,0,0,0,0
11 08 2024,13:13:49,253.1,0.08,0.55,10.5,0,49.8,1
11 08 2024,13:13:53,255.2,0.08,0.55,10.6,0,49.8,1
11 08 2024,13:13:57,255.3,0.08,0.55,10.6,0,49.8,1
11 08 2024,13:14:01,252.4,0.08,0.56,10.6,0,49.8,1
11 08 2024,13:14:05,252.4,0.08,0.56,10.6,0,49.8,1
11 08 2024,13:14:09,253.6,0.08,0.55,10.5,0,49.8,1
11 08 2024,13:14:12,255,0.08,0.55,10.6,0,49.7,1
11 08 2024,13:14:16,253.9,0.08,0.55,10.5,0,49.7,1
11 08 2024,13:14:20,252.8,0.08,0.55,10.5,0,49.8,1
11 08 2024,13:14:23,251.7,0.08,0.56,10.5,0,49.7,1
11 08 2024,13:14:27,252.1,0.08,0.56,10.5,0,49.8,1
11 08 2024,13:14:31,251,0.08,0.56,10.5,0,49.9,1
11 08 2024,13:14:35,252,0.08,0.56,10.5,0,49.9,1
11 08 2024,13:14:39,254.6,0.08,0.55,10.5,0,50,1
11 08 2024,13:14:43,255.7,0.07,0.56,10.6,0,50,1
11 08 2024,13:14:46,253.4,0.08,0.55,10.5,0,50,1
11 08 2024,13:14:51,0,0,0,0,0,0,0
11 08 2024,13:14:55,0,0,0,0,0,0,0
11 08 2024,13:14:59,0,0,0,0,0,0,0
11 08 2024,13:15:04,0,0,0,0,0,0,0
11 08 2024,13:15:08,254.6,0.08,0.56,10.6,0,50,1
11 08 2024,13:15:12,254.5,0.08,0.56,10.6,0,50,1
11 08 2024,13:15:16,253.6,0.08,0.56,10.6,0,50,1
11 08 2024,13:15:20,255.1,0.08,0.55,10.6,0,50,1
11 08 2024,13:15:25,255.6,0.08,0.55,10.6,0,50.1,1
11 08 2024,13:15:28,256.3,0.08,0.55,10.6,0,50.1,1
11 08 2024,13:15:32,254,0.08,0.56,10.6,0,50.1,1
11 08 2024,13:15:36,253,0.07,0.57,10.6,0,50.1,1
11 08 2024,13:15:40,255,0.08,0.55,10.6,0,50.1,1
11 08 2024,13:15:44,254.7,0.08,0.55,10.6,0,50.1,1
11 08 2024,13:15:48,256.2,0.08,0.55,10.6,0,50.1,1
11 08 2024,13:15:51,256.2,0.08,0.55,10.6,0,50.2,1
11 08 2024,13:15:55,255,0.08,0.55,10.6,0,50.1,1
11 08 2024,13:15:59,254.5,0.08,0.56,10.6,0,50.1,1
11 08 2024,13:16:03,255.6,0.07,0.56,10.5,0,50.1,1
11 08 2024,13:16:08,257.5,0.07,0.56,10.6,0,50.2,1
11 08 2024,13:16:13,0,0,0,0,0,0,0
11 08 2024,13:16:17,0,0,0,0,0,0,0
11 08 2024,13:16:21,0,0,0,0,0,0,0
11 08 2024,13:16:26,0,0,0,0,0,0,0
11 08 2024,13:16:30,254.2,0.07,0.56,10.6,0,50.2,1
11 08 2024,13:16:34,253.9,0.07,0.56,10.6,0,50.2,1
11 08 2024,13:16:37,253.7,0.07,0.56,10.5,0,50.2,1
11 08 2024,13:16:41,254.2,0.08,0.56,10.6,0,50.2,1
11 08 2024,13:16:45,255.1,0.08,0.55,10.6,0,50.2,1
11 08 2024,13:16:49,256.4,0.07,0.56,10.6,0,50.2,1
11 08 2024,13:16:53,256.3,0.07,0.56,10.6,0,50.2,1
11 08 2024,13:16:57,254.8,0.08,0.55,10.6,0,50.2,1
11 08 2024,13:17:01,253.5,0.08,0.56,10.6,0,50.2,1
11 08 2024,13:17:05,255.3,0.07,0.56,10.6,0,50.2,1
11 08 2024,13:17:08,257.2,0.07,0.56,10.6,0,50.2,1
11 08 2024,13:17:12,256.1,0.07,0.56,10.6,0,50.2,1
11 08 2024,13:17:16,253.8,0.07,0.56,10.6,0,50.2,1
11 08 2024,13:17:23,253.6,0.08,0.55,10.5,0,50.2,1
11 08 2024,13:17:27,255.9,0.08,0.55,10.5,0,50.2,1
11 08 2024,13:17:31,0,0,0,0,0,0,0
11 08 2024,13:17:35,0,0,0,0,0,0,0
11 08 2024,13:17:40,0,0,0,0,0,0,0
11 08 2024,13:17:44,0,0,0,0,0,0,0
11 08 2024,13:17:48,255.2,0.08,0.55,10.6,0,50.3,1
11 08 2024,13:17:52,255.2,0.08,0.55,10.6,0,50.2,1
11 08 2024,13:17:56,255.3,0.08,0.55,10.6,0,50.3,1
11 08 2024,13:18:00,252.8,0.08,0.55,10.5,0,50.3,1
11 08 2024,13:18:04,254.1,0.08,0.56,10.6,0,50.3,1
11 08 2024,13:18:09,256.7,0.08,0.55,10.6,0,50.2,1
11 08 2024,13:18:13,255.2,0.08,0.55,10.5,0,50.3,1
11 08 2024,13:18:16,254.7,0.08,0.55,10.6,0,50.3,1
11 08 2024,13:18:20,253.4,0.08,0.55,10.5,0,50.3,1
11 08 2024,13:18:25,255.5,0.08,0.55,10.6,0,50.3,1
11 08 2024,13:18:28,255.8,0.08,0.55,10.5,0,50.3,1
11 08 2024,13:18:32,254.2,0.08,0.56,10.6,0,50.3,1
11 08 2024,13:18:36,255.6,0.08,0.55,10.6,0,50.3,1
11 08 2024,13:18:40,254.9,0.07,0.56,10.6,0,50.3,1
11 08 2024,13:18:44,255.4,0.08,0.55,10.5,0,50.3,1
11 08 2024,13:18:49,0,0,0,0,0,0,0
11 08 2024,13:18:53,0,0,0,0,0,0,0
11 08 2024,13:18:58,0,0,0,0,0,0,0
11 08 2024,13:19:03,0,0,0,0,0,0,0
11 08 2024,13:19:07,258.5,0.07,0.55,10.6,0,50.3,1
11 08 2024,13:19:10,257.7,0.07,0.56,10.6,0,50.3,1
11 08 2024,13:19:14,256.4,0.08,0.55,10.6,0,50.3,1
11 08 2024,13:19:18,254.7,0.08,0.55,10.6,0,50.3,1
11 08 2024,13:19:22,256,0.08,0.55,10.6,0,50.3,1
11 08 2024,13:19:27,256.2,0.07,0.55,10.5,0,50.3,1
11 08 2024,13:19:31,254.6,0.08,0.56,10.6,0,50.3,1
11 08 2024,13:19:35,253,0.08,0.55,10.5,0,50.3,1
11 08 2024,13:19:39,254.8,0.08,0.55,10.6,0,50.3,1
11 08 2024,13:19:43,257,0.08,0.55,10.6,0,50.3,1
11 08 2024,13:19:46,257.1,0.07,0.56,10.6,0,50.3,1
11 08 2024,13:19:50,256.7,0.07,0.56,10.6,0,50.3,1
11 08 2024,13:19:54,255.5,0.07,0.56,10.6,0,50.3,1
11 08 2024,13:19:58,255.6,0.07,0.56,10.6,0,50.3,1
11 08 2024,13:20:02,255.9,0.08,0.55,10.6,0,50.3,1
11 08 2024,13:20:06,258.5,0.07,0.55,10.6,0,50.3,1
11 08 2024,13:20:11,0,0,0,0,0,0,0
11 08 2024,13:20:15,0,0,0,0,0,0,0
11 08 2024,13:20:19,0,0,0,0,0,0,0
11 08 2024,13:20:24,0,0,0,0,0,0,0
11 08 2024,13:20:27,257.1,0.08,0.55,10.6,0,50.3,1
11 08 2024,13:20:32,254.8,0.08,0.55,10.6,0,50.3,1
11 08 2024,13:20:37,256,0.08,0.55,10.6,0,50.3,1
11 08 2024,13:20:40,257.5,0.08,0.55,10.6,0,50.3,1
11 08 2024,13:20:45,255.4,0.08,0.55,10.6,0,50.3,1
11 08 2024,13:20:49,255,0.08,0.55,10.6,0,50.3,1
11 08 2024,13:20:53,257.1,0.08,0.55,10.6,0,50.3,1
11 08 2024,13:20:57,257.2,0.08,0.55,10.6,0,50.3,1
11 08 2024,13:21:01,256.6,0.08,0.55,10.6,0,50.3,1
11 08 2024,13:21:05,255.6,0.08,0.55,10.6,0,50.3,1
11 08 2024,13:21:09,255.5,0.08,0.55,10.5,0,50.3,1
11 08 2024,13:21:12,256.7,0.08,0.55,10.6,0,50.3,1
11 08 2024,13:21:17,254.3,0.08,0.55,10.5,0,50.3,1
11 08 2024,13:21:21,255.9,0.08,0.55,10.6,0,50.3,1
11 08 2024,13:21:25,256,0.08,0.55,10.6,0,50.3,1
11 08 2024,13:21:30,0,0,0,0,0,0,0
11 08 2024,13:21:34,0,0,0,0,0,0,0
11 08 2024,13:21:38,0,0,0,0,0,0,0
11 08 2024,13:21:43,0,0,0,0,0,0,0
11 08 2024,13:21:46,255.5,0.08,0.55,10.6,0,50.3,1
11 08 2024,13:21:50,254.7,0.08,0.55,10.6,0,50.3,1
11 08 2024,13:21:54,257.1,0.08,0.55,10.6,0,50.3,1
11 08 2024,13:21:58,259.1,0.08,0.55,10.6,0,50.3,1
11 08 2024,13:22:02,256.6,0.08,0.55,10.6,0,50.3,1
11 08 2024,13:22:07,257.2,0.08,0.55,10.6,0,50.3,1
11 08 2024,13:22:11,256.9,0.07,0.56,10.6,0,50.3,1
11 08 2024,13:22:15,254.7,0.08,0.55,10.6,0,50.3,1
11 08 2024,13:22:19,256,0.08,0.55,10.6,0,50.3,1
11 08 2024,13:22:22,255.7,0.08,0.55,10.6,0,50.3,1
11 08 2024,13:22:27,256.3,0.08,0.55,10.6,0,50.3,1
11 08 2024,13:22:31,255.1,0.08,0.55,10.6,0,50.3,1
11 08 2024,13:22:35,255.8,0.08,0.55,10.6,0,50.3,1
11 08 2024,13:22:39,255.6,0.08,0.55,10.6,0,50.3,1
11 08 2024,13:22:43,255.5,0.08,0.55,10.6,0,50.3,1
11 08 2024,13:22:48,0,0,0,0,0,0,0
11 08 2024,13:22:55,0,0,0,0,0,0,0
11 08 2024,13:23:00,0,0,0,0,0,0,0
11 08 2024,13:23:04,255.4,0.07,0.56,10.6,0,50.2,1
11 08 2024,13:23:08,256.6,0.08,0.55,10.6,0,50.3,1
11 08 2024,13:23:12,255.5,0.08,0.55,10.6,0,50.3,1
11 08 2024,13:23:16,255.1,0.07,0.56,10.6,0,50.3,1
11 08 2024,13:23:21,254.9,0.08,0.55,10.6,0,50.3,1
11 08 2024,13:23:24,256.6,0.07,0.56,10.6,0,50.3,1
11 08 2024,13:23:28,256.2,0.08,0.55,10.6,0,50.3,1
11 08 2024,13:23:32,256,0.08,0.55,10.6,0,50.2,1
11 08 2024,13:23:36,256,0.08,0.55,10.6,0,50.2,1
11 08 2024,13:23:40,256.7,0.07,0.56,10.6,0,50.3,1
11 08 2024,13:23:44,256.6,0.07,0.56,10.6,0,50.3,1
11 08 2024,13:23:48,255.1,0.08,0.55,10.6,0,50.2,1
11 08 2024,13:23:52,255.1,0.07,0.56,10.5,0,50.3,1
11 08 2024,13:23:56,257.2,0.07,0.56,10.6,0,50.2,1
11 08 2024,13:24:00,256.2,0.07,0.56,10.6,0,50.2,1
11 08 2024,13:24:03,254.8,0.07,0.56,10.5,0,50.2,1
11 08 2024,13:24:08,0,0,0,0,0,0,0
11 08 2024,13:24:12,0,0,0,0,0,0,0
11 08 2024,13:24:17,0,0,0,0,0,0,0
11 08 2024,13:24:21,0,0,0,0,0,0,0
11 08 2024,13:24:25,255.3,0.07,0.56,10.6,0,50.3,1
11 08 2024,13:24:30,256.4,0.08,0.55,10.6,0,50.3,1
11 08 2024,13:24:34,254,0.08,0.56,10.6,0,50.3,1
11 08 2024,13:24:38,256.3,0.08,0.55,10.6,0,50.2,1
11 08 2024,13:24:42,257.6,0.08,0.55,10.6,0,50.2,1
11 08 2024,13:24:49,253.8,0.08,0.55,10.5,0,50.3,1
11 08 2024,13:24:53,254.2,0.08,0.56,10.6,0,50.3,1
11 08 2024,13:24:57,257.7,0.07,0.56,10.6,0,50.2,1
11 08 2024,13:25:01,257.7,0.07,0.56,10.6,0,50.3,1
11 08 2024,13:25:05,256.3,0.07,0.56,10.6,0,50.3,1
11 08 2024,13:25:08,253,0.08,0.55,10.5,0,50.3,1
11 08 2024,13:25:12,254.3,0.08,0.55,10.5,0,50.3,1
11 08 2024,13:25:16,255.3,0.08,0.55,10.6,0,50.3,1
11 08 2024,13:25:21,255.5,0.07,0.56,10.5,0,50.3,1
11 08 2024,13:25:28,256.2,0.08,0.55,10.6,0,50.3,1
11 08 2024,13:25:33,0,0,0,0,0,0,0
11 08 2024,13:25:37,0,0,0,0,0,0,0
11 08 2024,13:25:42,0,0,0,0,0,0,0
11 08 2024,13:25:47,0,0,0,0,0,0,0
11 08 2024,13:25:51,254.2,0.08,0.56,10.6,0,50.3,1
11 08 2024,13:25:55,253,0.08,0.55,10.6,0,50.3,1
11 08 2024,13:25:59,255.6,0.08,0.55,10.6,0,50.2,1
11 08 2024,13:26:03,257.7,0.08,0.55,10.6,0,50.2,1
11 08 2024,13:26:07,256.7,0.08,0.55,10.6,0,50.2,1
11 08 2024,13:26:11,253.1,0.08,0.55,10.5,0,50.2,1
11 08 2024,13:26:15,253.1,0.08,0.55,10.6,0,50.2,1
11 08 2024,13:26:19,254.4,0.08,0.56,10.6,0,50.2,1
11 08 2024,13:26:23,256.9,0.08,0.55,10.6,0,50.2,1
11 08 2024,13:26:27,256.3,0.08,0.55,10.6,0,50.3,1
11 08 2024,13:26:31,255.2,0.08,0.55,10.6,0,50.2,1
11 08 2024,13:26:35,255.1,0.08,0.55,10.6,0,50.3,1
11 08 2024,13:26:39,255.1,0.08,0.55,10.5,0,50.3,1
11 08 2024,13:26:43,256.5,0.08,0.55,10.6,0,50.3,1
11 08 2024,13:26:46,257.3,0.08,0.55,10.6,0,50.3,1
11 08 2024,13:26:50,256.7,0.08,0.55,10.6,0,50.2,1
11 08 2024,13:26:55,0,0,0,0,0,0,0
11 08 2024,13:26:59,0,0,0,0,0,0,0
11 08 2024,13:27:04,0,0,0,0,0,0,0
11 08 2024,13:27:08,0,0,0,0,0,0,0
11 08 2024,13:27:12,254.3,0.08,0.56,10.6,0,50.2,1
11 08 2024,13:27:16,252.1,0.08,0.56,10.6,0,50.2,1
11 08 2024,13:27:20,253.9,0.08,0.56,10.6,0,50.3,1
11 08 2024,13:27:24,256.5,0.08,0.55,10.6,0,50.2,1
11 08 2024,13:27:27,255.3,0.08,0.55,10.6,0,50.3,1
11 08 2024,13:27:31,255.2,0.08,0.55,10.5,0,50.2,1
11 08 2024,13:27:35,255.2,0.08,0.55,10.6,0,50.2,1
11 08 2024,13:27:42,255.1,0.08,0.55,10.6,0,50.2,1
11 08 2024,13:27:47,257.5,0.08,0.55,10.6,0,50.2,1
11 08 2024,13:27:52,256.4,0.08,0.55,10.6,0,50.2,1
11 08 2024,13:27:56,254,0.08,0.56,10.6,0,50.2,1
11 08 2024,13:28:00,254.4,0.08,0.56,10.6,0,50.2,1
11 08 2024,13:28:04,255.7,0.08,0.55,10.6,0,50.2,1
11 08 2024,13:28:08,255.6,0.08,0.55,10.6,0,50.2,1
11 08 2024,13:28:11,254.8,0.08,0.55,10.5,0,50.2,1
11 08 2024,13:28:16,0,0,0,0,0,0,0
11 08 2024,13:28:21,0,0,0,0,0,0,0
11 08 2024,13:28:25,0,0,0,0,0,0,0
11 08 2024,13:28:29,0,0,0,0,0,0,0
11 08 2024,13:28:33,255.1,0.08,0.55,10.6,0,50.2,1
11 08 2024,13:28:37,257.4,0.08,0.55,10.6,0,50.2,1
11 08 2024,13:28:40,257.4,0.07,0.56,10.6,0,50.2,1
11 08 2024,13:28:45,255.1,0.08,0.55,10.6,0,50.2,1
11 08 2024,13:28:49,253.7,0.08,0.55,10.5,0,50.2,1
11 08 2024,13:28:53,254,0.08,0.56,10.6,0,50.2,1
11 08 2024,13:28:57,255.4,0.08,0.55,10.6,0,50.2,1
11 08 2024,13:29:00,255.2,0.08,0.55,10.6,0,50.2,1
11 08 2024,13:29:04,253.1,0.08,0.56,10.6,0,50.2,1
11 08 2024,13:29:08,251.8,0.08,0.56,10.5,0,50.2,1
11 08 2024,13:29:13,254.9,0.08,0.55,10.6,0,50.2,1
11 08 2024,13:29:17,256.6,0.08,0.55,10.6,0,50.2,1
11 08 2024,13:29:21,256.2,0.08,0.55,10.6,0,50.2,1
11 08 2024,13:29:25,256.2,0.08,0.55,10.6,0,50.2,1
11 08 2024,13:29:29,256.1,0.08,0.55,10.6,0,50.2,1
11 08 2024,13:29:33,255.1,0.08,0.55,10.6,0,50.1,1
11 08 2024,13:29:38,0,0,0,0,0,0,0
11 08 2024,13:29:42,0,0,0,0,0,0,0
11 08 2024,13:29:47,0,0,0,0,0,0,0
11 08 2024,13:29:51,0,0,0,0,0,0,0
11 08 2024,13:29:55,252.8,0.08,0.56,10.6,0,50.2,1
11 08 2024,13:29:59,254,0.08,0.56,10.6,0,50.2,1
11 08 2024,13:30:03,255.2,0.08,0.55,10.6,0,50.2,1
11 08 2024,13:30:07,256.5,0.08,0.55,10.6,0,50.2,1
11 08 2024,13:30:11,254.9,0.08,0.55,10.6,0,50.2,1
11 08 2024,13:30:15,255,0.08,0.55,10.6,0,50.2,1
11 08 2024,13:30:19,256.1,0.08,0.55,10.6,0,50.2,1
11 08 2024,13:30:23,256.3,0.08,0.55,10.6,0,50.1,1
11 08 2024,13:30:28,255.9,0.08,0.55,10.6,0,50.2,1
11 08 2024,13:30:31,255.4,0.08,0.55,10.6,0,50.2,1
11 08 2024,13:30:35,256.6,0.08,0.55,10.6,0,50.2,1
11 08 2024,13:30:39,257,0.08,0.55,10.6,0,50.2,1
11 08 2024,13:30:43,255.2,0.08,0.55,10.5,0,50.1,1
11 08 2024,13:30:47,254.8,0.08,0.55,10.5,0,50.2,1
11 08 2024,13:30:51,254.1,0.08,0.55,10.5,0,50.2,1
11 08 2024,13:30:56,0,0,0,0,0,0,0
11 08 2024,13:31:01,0,0,0,0,0,0,0
11 08 2024,13:31:05,0,0,0,0,0,0,0
11 08 2024,13:31:10,0,0,0,0,0,0,0
11 08 2024,13:31:14,253.9,0.08,0.56,10.6,0,50.2,1
11 08 2024,13:31:18,254.1,0.08,0.56,10.6,0,50.2,1
11 08 2024,13:31:22,255.2,0.08,0.55,10.6,0,50.2,1
11 08 2024,13:31:26,255.5,0.08,0.55,10.6,0,50.2,1
11 08 2024,13:31:29,255.9,0.08,0.55,10.6,0,50.2,1
11 08 2024,13:31:33,254.8,0.08,0.55,10.6,0,50.2,1
11 08 2024,13:31:38,253.8,0.08,0.56,10.6,0,50.2,1
11 08 2024,13:31:42,255.5,0.08,0.55,10.6,0,50.2,1
11 08 2024,13:31:45,256.3,0.08,0.55,10.6,0,50.2,1
11 08 2024,13:31:49,257,0.08,0.55,10.6,0,50.2,1
11 08 2024,13:31:53,256.4,0.08,0.55,10.5,0,50.2,1
11 08 2024,13:31:57,254.3,0.08,0.56,10.6,0,50.2,1
11 08 2024,13:32:00,253,0.08,0.56,10.6,0,50.2,1
11 08 2024,13:32:04,255.2,0.08,0.55,10.6,0,50.2,1
11 08 2024,13:32:08,257.6,0.08,0.55,10.6,0,50.2,1
11 08 2024,13:32:12,257.4,0.08,0.55,10.6,0,50.2,1
11 08 2024,13:32:16,0,0,0,0,0,0,0
11 08 2024,13:32:20,0,0,0,0,0,0,0
11 08 2024,13:32:25,0,0,0,0,0,0,0
11 08 2024,13:32:29,0,0,0,0,0,0,0
11 08 2024,13:32:34,258.1,0.08,0.55,10.6,0,50.2,1
11 08 2024,13:32:38,257.2,0.08,0.55,10.6,0,50.2,1
11 08 2024,13:32:42,254.7,0.08,0.55,10.6,0,50.1,1
11 08 2024,13:32:45,253.3,0.08,0.56,10.6,0,50.1,1
11 08 2024,13:32:49,253.9,0.08,0.56,10.6,0,50.1,1
11 08 2024,13:32:54,255.2,0.08,0.55,10.6,0,50.1,1
11 08 2024,13:32:57,256.3,0.08,0.55,10.6,0,50.1,1
11 08 2024,13:33:01,256.5,0.08,0.55,10.6,0,50.2,1
11 08 2024,13:33:05,254.6,0.08,0.56,10.6,0,50.2,1
11 08 2024,13:33:09,256,0.08,0.54,10.6,0,50.2,1
11 08 2024,13:33:13,255.4,0.08,0.55,10.6,0,50.2,1
11 08 2024,13:33:17,255,0.08,0.55,10.6,0,50.2,1
11 08 2024,13:33:21,254.9,0.08,0.55,10.6,0,50.1,1
11 08 2024,13:33:25,255.8,0.08,0.55,10.6,0,50.2,1
11 08 2024,13:33:29,256.1,0.08,0.55,10.6,0,50.2,1
11 08 2024,13:33:33,254.9,0.08,0.55,10.6,0,50.2,1
11 08 2024,13:33:37,0,0,0,0,0,0,0
11 08 2024,13:33:42,0,0,0,0,0,0,0
11 08 2024,13:33:47,0,0,0,0,0,0,0
11 08 2024,13:33:51,0,0,0,0,0,0,0
11 08 2024,13:33:55,255.7,0.08,0.55,10.6,0,50.1,1
11 08 2024,13:33:59,256.2,0.08,0.54,10.6,0,50.2,1
11 08 2024,13:34:03,254.9,0.08,0.55,10.6,0,50.2,1
11 08 2024,13:34:08,254.6,0.08,0.56,10.6,0,50.2,1
11 08 2024,13:34:12,254.8,0.08,0.55,10.6,0,50.1,1
11 08 2024,13:34:16,257,0.08,0.55,10.6,0,50.2,1
11 08 2024,13:34:20,256,0.08,0.55,10.6,0,50.2,1
11 08 2024,13:34:25,256.2,0.08,0.55,10.6,0,50.2,1
11 08 2024,13:34:29,255,0.08,0.55,10.6,0,50.2,1
11 08 2024,13:34:33,255.5,0.08,0.55,10.6,0,50.2,1
11 08 2024,13:34:36,255.8,0.08,0.55,10.6,0,50.2,1
11 08 2024,13:34:41,255.1,0.08,0.55,10.6,0,50.2,1
11 08 2024,13:34:45,255,0.08,0.55,10.6,0,50.2,1
11 08 2024,13:34:49,253.9,0.08,0.55,10.6,0,50.2,1
11 08 2024,13:34:52,253.9,0.08,0.55,10.5,0,50.2,1
11 08 2024,13:34:56,0,0,0,0,0,0,0
11 08 2024,13:35:01,0,0,0,0,0,0,0
11 08 2024,13:35:05,0,0,0,0,0,0,0
11 08 2024,13:35:09,0,0,0,0,0,0,0
11 08 2024,13:35:13,255,0.08,0.55,10.6,0,50.2,1
11 08 2024,13:35:17,256.9,0.08,0.55,10.6,0,50.2,1
11 08 2024,13:35:21,255.8,0.08,0.55,10.6,0,50.2,1
11 08 2024,13:35:25,254.7,0.08,0.55,10.6,0,50.2,1
11 08 2024,13:35:29,253.4,0.08,0.55,10.5,0,50.2,1
11 08 2024,13:35:33,254.4,0.08,0.56,10.6,0,50.2,1
11 08 2024,13:35:36,255.5,0.08,0.55,10.6,0,50.2,1
11 08 2024,13:35:40,255.5,0.08,0.55,10.6,0,50.2,1
11 08 2024,13:35:44,253.8,0.08,0.56,10.6,0,50.2,1
11 08 2024,13:35:48,251.3,0.08,0.55,10.5,0,50.2,1
11 08 2024,13:35:52,251.3,0.08,0.55,10.5,0,50.2,1
11 08 2024,13:35:56,254.3,0.08,0.55,10.5,0,50.2,1
11 08 2024,13:36:00,256.8,0.08,0.55,10.6,0,50.2,1
11 08 2024,13:36:04,256.6,0.08,0.55,10.6,0,50.2,1
11 08 2024,13:36:08,256,0.08,0.55,10.6,0,50.2,1
11 08 2024,13:36:12,254.6,0.08,0.55,10.5,0,50.2,1
11 08 2024,13:36:16,0,0,0,0,0,0,0
11 08 2024,13:36:20,0,0,0,0,0,0,0
11 08 2024,13:36:25,0,0,0,0,0,0,0
11 08 2024,13:36:30,0,0,0,0,0,0,0
11 08 2024,13:36:34,255.5,0.08,0.55,10.6,0,50.1,1
11 08 2024,13:36:38,255.8,0.08,0.55,10.6,0,50.2,1
11 08 2024,13:36:42,255.2,0.08,0.55,10.6,0,50.2,1
11 08 2024,13:36:46,254.5,0.08,0.55,10.6,0,50.2,1
11 08 2024,13:36:50,255.4,0.08,0.55,10.6,0,50.1,1
11 08 2024,13:36:54,255.7,0.08,0.55,10.6,0,50.1,1
11 08 2024,13:36:58,255.5,0.08,0.55,10.6,0,50.1,1
11 08 2024,13:37:02,256.7,0.08,0.55,10.6,0,50.1,1
11 08 2024,13:37:06,255.5,0.08,0.55,10.6,0,50.2,1
11 08 2024,13:37:10,254.2,0.08,0.54,10.5,0,50.2,1
11 08 2024,13:37:14,254.9,0.08,0.55,10.6,0,50.1,1
11 08 2024,13:37:18,255,0.08,0.55,10.6,0,50.1,1
11 08 2024,13:37:22,256.8,0.08,0.55,10.6,0,50.1,1
11 08 2024,13:37:27,255.6,0.08,0.55,10.6,0,50.1,1
11 08 2024,13:37:30,253.3,0.08,0.55,10.5,0,50.1,1
11 08 2024,13:37:35,0,0,0,0,0,0,0
11 08 2024,13:37:39,0,0,0,0,0,0,0
11 08 2024,13:37:43,0,0,0,0,0,0,0
11 08 2024,13:37:48,0,0,0,0,0,0,0
11 08 2024,13:37:52,254.5,0.08,0.55,10.6,0,50.1,1
11 08 2024,13:37:56,255.7,0.08,0.55,10.6,0,50.1,1
11 08 2024,13:38:00,255,0.08,0.55,10.6,0,50.1,1
11 08 2024,13:38:05,253.3,0.08,0.55,10.5,0,50.1,1
11 08 2024,13:38:10,252.2,0.08,0.56,10.5,0,50.1,1
11 08 2024,13:38:14,255.6,0.08,0.55,10.6,0,50.1,1
11 08 2024,13:38:18,257,0.08,0.55,10.6,0,50.1,1
11 08 2024,13:38:22,256.9,0.08,0.55,10.6,0,50.1,1
11 08 2024,13:38:26,254.5,0.08,0.56,10.6,0,50.1,1
11 08 2024,13:38:30,252,0.08,0.56,10.5,0,50.1,1
11 08 2024,13:38:34,253.4,0.08,0.55,10.5,0,50.1,1
11 08 2024,13:38:38,254.4,0.08,0.56,10.6,0,50.1,1
11 08 2024,13:38:43,255.5,0.08,0.55,10.6,0,50.1,1
11 08 2024,13:38:47,255.8,0.08,0.55,10.5,0,50.1,1
11 08 2024,13:38:51,255.8,0.08,0.55,10.6,0,50.1,1
11 08 2024,13:38:55,0,0,0,0,0,0,0
11 08 2024,13:39:00,0,0,0,0,0,0,0
11 08 2024,13:39:05,0,0,0,0,0,0,0
11 08 2024,13:39:09,0,0,0,0,0,0,0
11 08 2024,13:39:13,255.5,0.08,0.55,10.6,0,50.1,1
11 08 2024,13:39:17,255.6,0.08,0.55,10.6,0,50.1,1
11 08 2024,13:39:21,256.7,0.08,0.55,10.6,0,50.1,1
11 08 2024,13:39:25,254.8,0.08,0.55,10.6,0,50.2,1
11 08 2024,13:39:29,253.7,0.08,0.55,10.5,0,50.2,1
11 08 2024,13:39:32,253.7,0.08,0.56,10.6,0,50.1,1
11 08 2024,13:39:36,254.7,0.08,0.55,10.6,0,50.1,1
11 08 2024,13:39:40,256.5,0.08,0.55,10.6,0,50.1,1
11 08 2024,13:39:43,256.3,0.08,0.55,10.6,0,50.1,1
11 08 2024,13:39:47,256.9,0.08,0.55,10.6,0,50.1,1
11 08 2024,13:39:51,255.1,0.08,0.55,10.6,0,50.1,1
11 08 2024,13:39:55,254.4,0.08,0.55,10.5,0,50.1,1
11 08 2024,13:40:01,254.4,0.08,0.56,10.6,0,50.1,1
11 08 2024,13:40:05,257.1,0.08,0.55,10.6,0,50.1,1
11 08 2024,13:40:09,257.2,0.08,0.55,10.6,0,50.2,1
11 08 2024,13:40:13,257.2,0.08,0.55,10.6,0,50.1,1
11 08 2024,13:40:18,0,0,0,0,0,0,0
11 08 2024,13:40:22,0,0,0,0,0,0,0
11 08 2024,13:40:27,0,0,0,0,0,0,0
11 08 2024,13:40:31,0,0,0,0,0,0,0
11 08 2024,13:40:35,255.3,0.08,0.55,10.6,0,50.1,1
11 08 2024,13:40:39,253.7,0.08,0.56,10.6,0,50.1,1
11 08 2024,13:40:44,254.6,0.08,0.56,10.6,0,50.1,1
11 08 2024,13:40:48,255.8,0.08,0.55,10.6,0,50.1,1
11 08 2024,13:40:52,255.1,0.08,0.55,10.6,0,50.1,1
11 08 2024,13:40:56,251.4,0.08,0.55,10.5,0,50.2,1
11 08 2024,13:41:00,251,0.08,0.55,10.5,0,50.1,1
11 08 2024,13:41:03,250.6,0.08,0.55,10.5,0,50.2,1
11 08 2024,13:41:07,251.4,0.08,0.56,10.5,0,50.2,1
11 08 2024,13:41:11,252,0.08,0.55,10.5,0,50.2,1
11 08 2024,13:41:15,253.1,0.08,0.55,10.5,0,50.2,1
11 08 2024,13:41:19,251.3,0.08,0.55,10.5,0,50.2,1
11 08 2024,13:41:23,250.5,0.08,0.55,10.5,0,50.2,1
11 08 2024,13:41:27,249.2,0.08,0.55,10.5,0,50.2,1
11 08 2024,13:41:30,249.5,0.08,0.55,10.5,0,50.2,1
11 08 2024,13:41:34,250.3,0.08,0.55,10.5,0,50.2,1
11 08 2024,13:41:38,0,0,0,0,0,0,0
11 08 2024,13:41:43,0,0,0,0,0,0,0
11 08 2024,13:41:47,0,0,0,0,0,0,0
11 08 2024,13:41:52,0,0,0,0,0,0,0
11 08 2024,13:41:57,250.5,0.08,0.55,10.5,0,50.1,1
11 08 2024,13:42:00,251.3,0.08,0.56,10.5,0,50.1,1
11 08 2024,13:42:04,252.6,0.08,0.56,10.6,0,50.1,1
11 08 2024,13:42:08,252.7,0.08,0.56,10.6,0,50.2,1
11 08 2024,13:42:12,252.7,0.08,0.56,10.6,0,50.1,1
11 08 2024,13:42:16,250.3,0.08,0.56,10.5,0,50.1,1
11 08 2024,13:42:20,249.6,0.08,0.55,10.5,0,50.1,1
11 08 2024,13:42:24,249.6,0.08,0.56,10.5,0,50.1,1
11 08 2024,13:42:28,250.2,0.08,0.56,10.5,0,50.2,1
11 08 2024,13:42:32,251.9,0.08,0.56,10.6,0,50.2,1
11 08 2024,13:42:36,252,0.08,0.56,10.5,0,50.1,1
11 08 2024,13:42:41,253,0.08,0.55,10.5,0,50.1,1
11 08 2024,13:42:46,250.6,0.08,0.56,10.5,0,50.1,1
11 08 2024,13:42:49,250.3,0.08,0.56,10.5,0,50.1,1
11 08 2024,13:42:53,250.5,0.07,0.57,10.5,0,50.1,1
11 08 2024,13:42:57,0,0,0,0,0,0,0
11 08 2024,13:43:02,0,0,0,0,0,0,0
11 08 2024,13:43:06,0,0,0,0,0,0,0
11 08 2024,13:43:10,0,0,0,0,0,0,0
11 08 2024,13:43:14,252,0.08,0.56,10.6,0,50.1,1
11 08 2024,13:43:18,255.1,0.07,0.56,10.6,0,50.1,1
11 08 2024,13:43:22,254.8,0.07,0.56,10.6,0,50.1,1
11 08 2024,13:43:25,254.8,0.07,0.56,10.6,0,50.1,1
11 08 2024,13:43:29,250.9,0.08,0.56,10.5,0,50.1,1
11 08 2024,13:43:33,250.3,0.08,0.56,10.6,0,50.1,1
11 08 2024,13:43:36,250.6,0.08,0.56,10.5,0,50.1,1
11 08 2024,13:43:40,251.3,0.07,0.56,10.5,0,50.1,1
11 08 2024,13:43:43,254.5,0.07,0.56,10.6,0,50.1,1
11 08 2024,13:43:47,255.6,0.07,0.56,10.6,0,50.2,1
11 08 2024,13:43:51,255.4,0.07,0.56,10.6,0,50.1,1
11 08 2024,13:43:55,249.9,0.08,0.56,10.5,0,50.1,1
11 08 2024,13:43:59,251,0.08,0.56,10.5,0,50.2,1
11 08 2024,13:44:03,252.4,0.08,0.55,10.5,0,50.1,1
11 08 2024,13:44:07,256.5,0.07,0.56,10.6,0,50.1,1
11 08 2024,13:44:10,256.5,0.07,0.57,10.6,0,50.1,1
11 08 2024,13:44:15,0,0,0,0,0,0,0
11 08 2024,13:44:20,0,0,0,0,0,0,0
11 08 2024,13:44:25,0,0,0,0,0,0,0
11 08 2024,13:44:29,0,0,0,0,0,0,0
11 08 2024,13:44:33,256.4,0.07,0.56,10.6,0,50.1,1
11 08 2024,13:44:37,251.6,0.07,0.56,10.5,0,50.1,1
11 08 2024,13:44:41,251.3,0.07,0.57,10.6,0,50.1,1
11 08 2024,13:44:44,249.6,0.07,0.57,10.5,0,50.1,1
11 08 2024,13:44:49,254.9,0.07,0.56,10.6,0,50.1,1
11 08 2024,13:44:53,255.3,0.07,0.56,10.6,0,50.1,1
11 08 2024,13:44:56,252.8,0.07,0.56,10.5,0,50.1,1
11 08 2024,13:45:00,251.4,0.07,0.56,10.5,0,50.1,1
11 08 2024,13:45:04,251.3,0.07,0.56,10.5,0,50.1,1
11 08 2024,13:45:08,254.4,0.07,0.57,10.6,0,50.1,1
11 08 2024,13:45:11,256.6,0.07,0.57,10.6,0,50.1,1
11 08 2024,13:45:15,254.1,0.07,0.57,10.6,0,50.1,1
11 08 2024,13:45:18,249.8,0.07,0.57,10.5,0,50.2,1
11 08 2024,13:45:22,249.2,0.07,0.57,10.5,0,50.2,1
11 08 2024,13:45:26,250.2,0.07,0.57,10.5,0,50.1,1
11 08 2024,13:45:30,254.4,0.07,0.57,10.5,0,50.1,1
11 08 2024,13:45:34,0,0,0,0,0,0,0
11 08 2024,13:45:39,0,0,0,0,0,0,0
11 08 2024,13:45:43,0,0,0,0,0,0,0
11 08 2024,13:45:48,0,0,0,0,0,0,0
11 08 2024,13:45:51,254.2,0.07,0.57,10.6,0,50.1,1
11 08 2024,13:45:55,255.2,0.07,0.57,10.6,0,50.1,1
11 08 2024,13:45:59,252.3,0.07,0.57,10.6,0,50.1,1
11 08 2024,13:46:03,252.2,0.07,0.57,10.6,0,50.2,1
11 08 2024,13:46:07,251.9,0.07,0.57,10.6,0,50.1,1
11 08 2024,13:46:10,255.3,0.07,0.57,10.6,0,50.2,1
11 08 2024,13:46:14,254.2,0.07,0.57,10.5,0,50.2,1
11 08 2024,13:46:19,251.2,0.07,0.56,10.5,0,50.1,1
11 08 2024,13:46:22,250.8,0.07,0.57,10.5,0,50.2,1
11 08 2024,13:46:26,251.4,0.07,0.56,10.5,0,50.2,1
11 08 2024,13:46:31,255.4,0.07,0.57,10.6,0,50.2,1
11 08 2024,13:46:35,255.5,0.07,0.56,10.5,0,50.1,1
11 08 2024,13:46:39,252.1,0.07,0.56,10.5,0,50.1,1
11 08 2024,13:46:43,252.7,0.07,0.57,10.5,0,50.1,1
11 08 2024,13:46:47,253.1,0.07,0.57,10.5,0,50.2,1
11 08 2024,13:46:50,255.5,0.07,0.56,10.5,0,50.2,1
11 08 2024,13:46:55,0,0,0,0,0,0,0
11 08 2024,13:46:59,0,0,0,0,0,0,0
11 08 2024,13:47:03,0,0,0,0,0,0,0
11 08 2024,13:47:08,0,0,0,0,0,0,0
11 08 2024,13:47:12,257.5,0.07,0.56,10.6,0,50.2,1
11 08 2024,13:47:16,252.1,0.07,0.56,10.5,0,50.2,1
11 08 2024,13:47:19,251.4,0.07,0.57,10.6,0,50.1,1
11 08 2024,13:47:23,251.8,0.07,0.56,10.5,0,50.1,1
11 08 2024,13:47:27,257.2,0.07,0.56,10.6,0,50.1,1
11 08 2024,13:47:31,257.9,0.07,0.56,10.6,0,50.2,1
11 08 2024,13:47:34,254,0.07,0.56,10.6,0,50.2,1
11 08 2024,13:47:41,251.7,0.07,0.56,10.5,0,50.2,1
11 08 2024,13:47:45,254.7,0.07,0.56,10.6,0,50.1,1
11 08 2024,13:47:48,256.1,0.07,0.56,10.6,0,50.1,1
11 08 2024,13:47:52,256.2,0.07,0.56,10.6,0,50.1,1
11 08 2024,13:47:56,251.8,0.07,0.56,10.5,0,50.2,1
11 08 2024,13:48:00,252.6,0.07,0.57,10.6,0,50.2,1
11 08 2024,13:48:04,257.1,0.07,0.56,10.6,0,50.1,1
11 08 2024,13:48:07,257.3,0.07,0.56,10.6,0,50.1,1
11 08 2024,13:48:11,257.5,0.07,0.56,10.6,0,50.2,1
11 08 2024,13:48:16,0,0,0,0,0,0,0
11 08 2024,13:48:21,0,0,0,0,0,0,0
11 08 2024,13:48:25,0,0,0,0,0,0,0
11 08 2024,13:48:30,0,0,0,0,0,0,0
11 08 2024,13:48:35,252.7,0.07,0.57,10.6,0,50.2,1
11 08 2024,13:48:38,252.7,0.07,0.57,10.6,0,50.2,1
11 08 2024,13:48:43,255.8,0.07,0.56,10.6,0,50.2,1
11 08 2024,13:48:47,255.8,0.07,0.56,10.6,0,50.2,1
11 08 2024,13:48:51,253,0.07,0.56,10.5,0,50.2,1
11 08 2024,13:48:55,251.3,0.07,0.57,10.6,0,50.1,1
11 08 2024,13:48:59,252.5,0.07,0.56,10.5,0,50.2,1
11 08 2024,13:49:02,256.8,0.07,0.57,10.6,0,50.1,1
11 08 2024,13:49:06,256.4,0.07,0.57,10.6,0,50.1,1
11 08 2024,13:49:10,253.1,0.07,0.57,10.5,0,50.1,1
11 08 2024,13:49:15,251,0.07,0.57,10.5,0,50.2,1
11 08 2024,13:49:19,251.4,0.07,0.56,10.5,0,50.1,1
11 08 2024,13:49:23,255.7,0.07,0.57,10.6,0,50.1,1
11 08 2024,13:49:27,256.9,0.07,0.57,10.6,0,50.2,1
11 08 2024,13:49:32,252.7,0.07,0.57,10.6,0,50.1,1
11 08 2024,13:49:37,0,0,0,0,0,0,0
11 08 2024,13:49:42,0,0,0,0,0,0,0
11 08 2024,13:49:46,0,0,0,0,0,0,0
11 08 2024,13:49:50,255.1,0.07,0.57,10.6,0,50.1,1
11 08 2024,13:49:54,251.6,0.07,0.57,10.6,0,50.1,1
11 08 2024,13:49:58,253,0.07,0.57,10.6,0,50.1,1
11 08 2024,13:50:01,257.2,0.07,0.56,10.6,0,50.2,1
11 08 2024,13:50:06,257.1,0.07,0.56,10.6,0,50.1,1
11 08 2024,13:50:09,254.1,0.07,0.57,10.5,0,50.1,1
11 08 2024,13:50:13,252.5,0.07,0.56,10.5,0,50.1,1
11 08 2024,13:50:17,251.2,0.07,0.56,10.5,0,50.1,1
11 08 2024,13:50:21,256.2,0.07,0.57,10.6,0,50.1,1
11 08 2024,13:50:25,256.6,0.07,0.57,10.6,0,50.1,1
11 08 2024,13:50:29,256.2,0.07,0.57,10.6,0,50.1,1
11 08 2024,13:50:32,253.4,0.07,0.57,10.6,0,50.1,1
11 08 2024,13:50:36,253.2,0.07,0.56,10.5,0,50.1,1
11 08 2024,13:50:40,257,0.07,0.57,10.6,0,50.1,1
11 08 2024,13:50:44,256.9,0.07,0.57,10.6,0,50.1,1
11 08 2024,13:50:48,255.6,0.07,0.56,10.6,0,50.1,1
11 08 2024,13:50:52,0,0,0,0,0,0,0
11 08 2024,13:50:56,0,0,0,0,0,0,0
11 08 2024,13:51:01,0,0,0,0,0,0,0
11 08 2024,13:51:05,0,0,0,0,0,0,0
11 08 2024,13:51:09,253.7,0.07,0.56,10.6,0,50.1,1
11 08 2024,13:51:13,253.7,0.07,0.56,10.6,0,50.1,1
11 08 2024,13:51:18,252.9,0.07,0.56,10.5,0,50.2,1
11 08 2024,13:51:21,256.1,0.07,0.57,10.6,0,50.2,1
11 08 2024,13:51:25,255.2,0.07,0.57,10.6,0,50.1,1
11 08 2024,13:51:29,252.3,0.07,0.56,10.5,0,50.1,1
11 08 2024,13:51:33,252.2,0.07,0.56,10.5,0,50.1,1
11 08 2024,13:51:37,255,0.07,0.56,10.6,0,50.2,1
11 08 2024,13:51:41,257,0.07,0.57,10.6,0,50.1,1
11 08 2024,13:51:44,257.3,0.07,0.56,10.6,0,50.1,1
11 08 2024,13:51:48,253,0.07,0.56,10.5,0,50.1,1
11 08 2024,13:51:52,251.5,0.07,0.56,10.5,0,50.1,1
11 08 2024,13:51:56,251.5,0.07,0.56,10.5,0,50.1,1
11 08 2024,13:51:59,257.1,0.07,0.56,10.6,0,50.1,1
11 08 2024,13:52:03,257.3,0.07,0.56,10.5,0,50.1,1
11 08 2024,13:52:07,257.5,0.07,0.56,10.6,0,50.1,1
11 08 2024,13:52:12,0,0,0,0,0,0,0
11 08 2024,13:52:16,0,0,0,0,0,0,0
11 08 2024,13:52:21,0,0,0,0,0,0,0
11 08 2024,13:52:25,0,0,0,0,0,0,0
11 08 2024,13:52:31,251.8,0.07,0.56,10.5,0,50.1,1
11 08 2024,13:52:35,253.1,0.07,0.57,10.6,0,50.1,1
11 08 2024,13:52:39,257.5,0.07,0.56,10.6,0,50.1,1
11 08 2024,13:52:43,257.6,0.07,0.56,10.6,0,50.1,1
11 08 2024,13:52:47,257.7,0.07,0.56,10.6,0,50.1,1
11 08 2024,13:52:51,252.2,0.07,0.56,10.5,0,50.1,1
11 08 2024,13:52:55,252.3,0.07,0.56,10.5,0,50.1,1
11 08 2024,13:52:59,255.3,0.07,0.56,10.6,0,50.2,1
11 08 2024,13:53:03,257.5,0.07,0.56,10.6,0,50.1,1
11 08 2024,13:53:07,257.5,0.07,0.56,10.6,0,50.2,1
11 08 2024,13:53:12,253.3,0.07,0.56,10.5,0,50.1,1
11 08 2024,13:53:15,253.4,0.07,0.56,10.5,0,50.1,1
11 08 2024,13:53:19,257.5,0.07,0.56,10.6,0,50.1,1
11 08 2024,13:53:23,256.4,0.07,0.56,10.6,0,50.1,1
11 08 2024,13:53:26,256.4,0.07,0.57,10.6,0,50.1,1
11 08 2024,13:53:31,0,0,0,0,0,0,0
11 08 2024,13:53:35,0,0,0,0,0,0,0
11 08 2024,13:53:40,0,0,0,0,0,0,0
11 08 2024,13:53:45,0,0,0,0,0,0,0
11 08 2024,13:53:50,255.9,0.07,0.56,10.6,0,50.1,1
11 08 2024,13:53:54,253,0.08,0.56,10.6,0,50.1,1
11 08 2024,13:53:58,253.2,0.08,0.56,10.6,0,50.1,1
11 08 2024,13:54:02,257.3,0.07,0.56,10.6,0,50.1,1
11 08 2024,13:54:07,257.5,0.07,0.56,10.7,0,50.1,1
11 08 2024,13:54:11,253.1,0.07,0.57,10.6,0,50.1,1
11 08 2024,13:54:15,253.3,0.07,0.57,10.6,0,50.1,1
11 08 2024,13:54:18,255.8,0.07,0.56,10.6,0,50.1,1
11 08 2024,13:54:22,257.6,0.07,0.56,10.6,0,50.1,1
11 08 2024,13:54:26,256.4,0.07,0.56,10.6,0,50.1,1
11 08 2024,13:54:30,252.2,0.07,0.57,10.6,0,50.1,1
11 08 2024,13:54:34,252.3,0.07,0.57,10.6,0,50.1,1
11 08 2024,13:54:39,252.1,0.07,0.56,10.5,0,50.1,1
11 08 2024,13:54:43,257.2,0.07,0.56,10.6,0,50.1,1
11 08 2024,13:54:46,257.2,0.07,0.56,10.6,0,50.1,1
11 08 2024,13:54:51,0,0,0,0,0,0,0
11 08 2024,13:54:55,0,0,0,0,0,0,0
11 08 2024,13:54:59,0,0,0,0,0,0,0
11 08 2024,13:55:03,0,0,0,0,0,0,0
11 08 2024,13:55:07,256.1,0.07,0.56,10.6,0,50.1,1
11 08 2024,13:55:11,251.6,0.08,0.56,10.6,0,50.1,1
11 08 2024,13:55:15,252.7,0.07,0.57,10.6,0,50.1,1
11 08 2024,13:55:19,254.4,0.07,0.56,10.6,0,50.1,1
11 08 2024,13:55:23,256.8,0.07,0.56,10.6,0,50.1,1
11 08 2024,13:55:26,256.2,0.07,0.56,10.6,0,50.1,1
11 08 2024,13:55:30,253.1,0.07,0.57,10.6,0,50.1,1
11 08 2024,13:55:34,251.9,0.07,0.56,10.5,0,50.1,1
11 08 2024,13:55:38,251.9,0.07,0.56,10.5,0,50.1,1
11 08 2024,13:55:41,256.3,0.07,0.56,10.6,0,50.1,1
11 08 2024,13:55:45,256.1,0.07,0.56,10.6,0,50.1,1
11 08 2024,13:55:49,253,0.07,0.56,10.5,0,50.2,1
11 08 2024,13:55:55,252.9,0.07,0.57,10.6,0,50.2,1
11 08 2024,13:55:59,256,0.07,0.56,10.6,0,50.1,1
11 08 2024,13:56:03,257.6,0.07,0.56,10.6,0,50.1,1
11 08 2024,13:56:07,257.1,0.07,0.56,10.6,0,50.1,1
11 08 2024,13:56:11,0,0,0,0,0,0,0
11 08 2024,13:56:16,0,0,0,0,0,0,0
11 08 2024,13:56:20,0,0,0,0,0,0,0
11 08 2024,13:56:25,0,0,0,0,0,0,0
11 08 2024,13:56:28,252.5,0.07,0.58,10.6,0,50.1,1
11 08 2024,13:56:32,252.6,0.07,0.57,10.6,0,50.2,1
11 08 2024,13:56:36,252.9,0.07,0.57,10.6,0,50.2,1
11 08 2024,13:56:40,256.5,0.07,0.56,10.6,0,50.1,1
11 08 2024,13:56:44,255.8,0.07,0.56,10.6,0,50.2,1
11 08 2024,13:56:48,255,0.07,0.56,10.6,0,50.2,1
11 08 2024,13:56:52,251.5,0.07,0.57,10.6,0,50.2,1
11 08 2024,13:56:55,252.7,0.07,0.56,10.5,0,50.2,1
11 08 2024,13:56:59,256.9,0.07,0.56,10.6,0,50.2,1
11 08 2024,13:57:03,257.3,0.07,0.56,10.6,0,50.2,1
11 08 2024,13:57:07,257.7,0.07,0.56,10.6,0,50.2,1
11 08 2024,13:57:10,253.4,0.07,0.57,10.6,0,50.2,1
11 08 2024,13:57:14,252.1,0.07,0.56,10.5,0,50.2,1
11 08 2024,13:57:18,256.3,0.07,0.57,10.6,0,50.2,1
11 08 2024,13:57:22,256.7,0.07,0.57,10.6,0,50.2,1
11 08 2024,13:57:26,257.5,0.07,0.56,10.6,0,50.2,1
11 08 2024,13:57:30,0,0,0,0,0,0,0
11 08 2024,13:57:34,0,0,0,0,0,0,0
11 08 2024,13:57:39,0,0,0,0,0,0,0
11 08 2024,13:57:43,0,0,0,0,0,0,0
11 08 2024,13:57:47,256.2,0.07,0.57,10.6,0,50.2,1
11 08 2024,13:57:52,252.2,0.07,0.58,10.6,0,50.2,1
11 08 2024,13:57:56,253.4,0.07,0.57,10.6,0,50.2,1
11 08 2024,13:57:59,257.3,0.07,0.56,10.6,0,50.2,1
11 08 2024,13:58:03,257.3,0.07,0.56,10.6,0,50.2,1
11 08 2024,13:58:07,256.6,0.07,0.57,10.6,0,50.2,1
11 08 2024,13:58:10,253.6,0.07,0.57,10.6,0,50.2,1
11 08 2024,13:58:14,252.1,0.07,0.57,10.5,0,50.2,1
11 08 2024,13:58:18,254.9,0.07,0.57,10.6,0,50.2,1
11 08 2024,13:58:22,256.4,0.07,0.57,10.6,0,50.2,1
11 08 2024,13:58:26,256.5,0.07,0.57,10.6,0,50.2,1
11 08 2024,13:58:30,253,0.07,0.57,10.5,0,50.2,1
11 08 2024,13:58:34,252.7,0.07,0.57,10.5,0.01,50.2,1
11 08 2024,13:58:37,257.1,0.07,0.56,10.6,0.01,50.2,1
11 08 2024,13:58:41,257.5,0.07,0.56,10.6,0.01,50.2,1
11 08 2024,13:58:45,257.4,0.07,0.56,10.6,0.01,50.1,1
11 08 2024,13:58:49,0,0,0,0,0,0,0
11 08 2024,13:58:54,0,0,0,0,0,0,0
11 08 2024,13:58:59,0,0,0,0,0,0,0
11 08 2024,13:59:03,0,0,0,0,0,0,0
11 08 2024,13:59:07,257.3,0.07,0.56,10.6,0.01,50.1,1
11 08 2024,13:59:10,252.7,0.07,0.57,10.5,0.01,50.2,1
11 08 2024,13:59:14,252.7,0.07,0.57,10.6,0.01,50.1,1
11 08 2024,13:59:18,255.9,0.07,0.57,10.6,0.01,50.1,1
11 08 2024,13:59:22,257,0.07,0.57,10.6,0.01,50.1,1
11 08 2024,13:59:26,256.9,0.07,0.57,10.6,0.01,50.1,1
11 08 2024,13:59:31,252.2,0.07,0.57,10.5,0.01,50.1,1
11 08 2024,13:59:35,0,0,0,0,0,0,0
11 08 2024,13:59:39,254.8,0.07,0.57,10.6,0.01,50.2,1
11 08 2024,13:59:43,257.2,0.07,0.56,10.6,0.01,50.1,1
11 08 2024,13:59:47,257.1,0.07,0.56,10.6,0.01,50.2,1
11 08 2024,13:59:50,253,0.07,0.57,10.5,0.01,50.2,1
11 08 2024,13:59:54,252.8,0.07,0.57,10.5,0.01,50.2,1
11 08 2024,13:59:58,253.1,0.07,0.57,10.5,0.01,50.2,1
11 08 2024,14:00:02,257.6,0.07,0.57,10.5,0.01,50.2,1
11 08 2024,14:00:05,257.4,0.07,0.57,10.5,0.01,50.2,1
11 08 2024,14:00:11,0,0,0,0,0,0,0
11 08 2024,14:00:15,0,0,0,0,0,0,0
11 08 2024,14:00:20,0,0,0,0,0,0,0
11 08 2024,14:00:25,0,0,0,0,0,0,0
11 08 2024,14:00:28,255.9,0.07,0.57,10.6,0.01,50.2,1
11 08 2024,14:00:32,251.6,0.07,0.57,10.6,0.01,50.1,1
11 08 2024,14:00:36,252.9,0.07,0.57,10.5,0.01,50.2,1
11 08 2024,14:00:40,255,0.07,0.57,10.6,0.01,50.1,1
11 08 2024,14:00:44,257.1,0.07,0.56,10.6,0.01,50.1,1
11 08 2024,14:00:48,256.8,0.07,0.57,10.6,0.01,50.1,1
11 08 2024,14:00:52,255.1,0.07,0.57,10.6,0.01,50.1,1
11 08 2024,14:00:56,252.7,0.07,0.57,10.5,0.01,50.1,1
11 08 2024,14:01:00,252.7,0.07,0.57,10.5,0.01,50.1,1
11 08 2024,14:01:04,256.6,0.07,0.56,10.6,0.01,50.1,1
11 08 2024,14:01:08,255.7,0.07,0.56,10.6,0.01,50.1,1
11 08 2024,14:01:12,253.7,0.07,0.56,10.5,0.01,50.1,1
11 08 2024,14:01:15,252.5,0.07,0.56,10.5,0.01,50.1,1
11 08 2024,14:01:19,253.2,0.07,0.56,10.5,0.01,50.1,1
11 08 2024,14:01:24,257.3,0.07,0.56,10.6,0.01,50.1,1
11 08 2024,14:01:27,257,0.07,0.57,10.6,0.01,50.1,1
11 08 2024,14:01:32,0,0,0,0,0,0,0
11 08 2024,14:01:36,0,0,0,0,0,0,0
11 08 2024,14:01:41,0,0,0,0,0,0,0
11 08 2024,14:01:45,0,0,0,0,0,0,0
11 08 2024,14:01:49,257.1,0.07,0.56,10.6,0.01,50.1,1
11 08 2024,14:01:53,252.8,0.07,0.57,10.6,0.01,50.1,1
11 08 2024,14:01:58,252.7,0.07,0.57,10.6,0.01,50.1,1
11 08 2024,14:02:02,252.8,0.07,0.57,10.6,0.01,50.1,1
11 08 2024,14:02:06,255.8,0.07,0.56,10.6,0.01,50.1,1
11 08 2024,14:02:10,256.9,0.07,0.56,10.6,0.01,50.1,1
11 08 2024,14:02:14,252.8,0.07,0.57,10.6,0.01,50.2,1
11 08 2024,14:02:17,0,0,0.56,10.5,0.01,50.1,0
11 08 2024,14:02:21,0,0.07,0.57,10.6,0.01,50.1,0
11 08 2024,14:02:25,257.2,0.07,0.56,10.6,0.01,50.1,1
11 08 2024,14:02:29,257.2,0.07,0.56,10.6,0.01,50.1,1
11 08 2024,14:02:33,257.2,0.07,0.56,10.6,0.01,50.2,1
11 08 2024,14:02:37,252.7,0.07,0.56,10.5,0.01,50.2,1
11 08 2024,14:02:41,253.5,0.07,0.56,10.5,0.01,50.1,1
11 08 2024,14:02:45,257.8,0.07,0.56,10.6,0.01,50.2,1
11 08 2024,14:02:49,257.4,0.07,0.56,10.6,0.01,50.2,1
11 08 2024,14:02:53,0,0,0,0,0,0,0
11 08 2024,14:02:58,0,0,0,0,0,0,0
11 08 2024,14:03:03,0,0,0,0,0,0,0
11 08 2024,14:03:08,0,0,0,0,0,0,0
11 08 2024,14:03:11,257.5,0.07,0.56,10.6,0.01,50.1,1
11 08 2024,14:03:15,253,0.07,0.56,10.5,0.01,50.2,1
11 08 2024,14:03:19,253,0.07,0.56,10.5,0.01,50.2,1
11 08 2024,14:03:23,252.8,0.07,0.57,10.6,0.01,50.2,1
11 08 2024,14:03:27,257.5,0.07,0.56,10.6,0.01,50.2,1
11 08 2024,14:03:31,257,0.07,0.57,10.6,0.01,50.1,1
11 08 2024,14:03:34,254.4,0.07,0.57,10.6,0.01,50.2,1
11 08 2024,14:03:38,252.2,0.07,0.57,10.5,0.01,50.2,1
11 08 2024,14:03:43,251.8,0.07,0.57,10.5,0.01,50.2,1
11 08 2024,14:03:47,257.8,0.07,0.56,10.6,0.01,50.1,1
11 08 2024,14:03:52,257.9,0.07,0.56,10.6,0.01,50.2,1
11 08 2024,14:03:56,252,0.07,0.57,10.5,0.01,50.2,1
11 08 2024,14:04:00,252.1,0.07,0.56,10.5,0.01,50.2,1
11 08 2024,14:04:04,252.4,0.07,0.56,10.5,0.01,50.2,1
11 08 2024,14:04:07,257.1,0.07,0.56,10.6,0.01,50.2,1
11 08 2024,14:04:11,257.2,0.07,0.56,10.6,0.01,50.2,1
11 08 2024,14:04:16,0,0,0,0,0,0,0
11 08 2024,14:04:20,0,0,0,0,0,0,0
11 08 2024,14:04:25,0,0,0,0,0,0,0
11 08 2024,14:04:30,0,0,0,0,0,0,0
11 08 2024,14:04:35,257.3,0.07,0.56,10.6,0.01,50.2,1
11 08 2024,14:04:38,253.1,0.07,0.57,10.6,0.01,50.2,1
11 08 2024,14:04:42,253.3,0.07,0.57,10.6,0.01,50.2,1
11 08 2024,14:04:46,253.1,0.07,0.57,10.6,0.01,50.2,1
11 08 2024,14:04:51,256.6,0.07,0.57,10.6,0.01,50.2,1
11 08 2024,14:04:55,256.4,0.07,0.57,10.6,0.01,50.2,1
11 08 2024,14:05:05,252.2,0.07,0.56,10.5,0.01,50.2,1
11 08 2024,14:05:10,256.6,0.07,0.57,10.6,0.01,50.2,1
11 08 2024,14:05:14,255.5,0.07,0.57,10.6,0.01,50.1,1
11 08 2024,14:05:19,255.7,0.07,0.57,10.6,0.01,50.2,1
11 08 2024,14:05:23,251.3,0.07,0.56,10.5,0.01,50.2,1
11 08 2024,14:05:26,252.2,0.07,0.57,10.5,0.01,50.2,1
11 08 2024,14:05:30,252,0.07,0.57,10.5,0.01,50.2,1
11 08 2024,14:05:34,256.4,0.07,0.57,10.6,0.01,50.2,1
11 08 2024,14:05:38,0,0,0,0,0,0,0
11 08 2024,14:05:43,0,0,0,0,0,0,0
11 08 2024,14:05:53,0,0,0,0,0,0,0
11 08 2024,14:05:58,0,0,0,0,0,0,0
11 08 2024,14:06:01,257.1,0.07,0.56,10.6,0.01,50.2,1
11 08 2024,14:06:05,252.3,0.07,0.58,10.6,0.01,50.2,1
11 08 2024,14:06:09,251.8,0.07,0.58,10.6,0.01,50.2,1
11 08 2024,14:06:13,253,0.07,0.57,10.6,0.01,50.2,1
11 08 2024,14:06:17,257.3,0.07,0.56,10.6,0.01,50.2,1
11 08 2024,14:06:20,257.3,0.07,0.56,10.6,0.01,50.2,1
11 08 2024,14:06:24,256.5,0.07,0.57,10.6,0.01,50.2,1
11 08 2024,14:06:28,251.9,0.07,0.58,10.6,0.01,50.2,1
11 08 2024,14:06:32,252.9,0.07,0.57,10.6,0.01,50.1,1
11 08 2024,14:06:35,256.5,0.07,0.57,10.6,0.01,50.2,1
11 08 2024,14:07:37,256.8,0.07,0.57,10.6,0.01,50.2,1
11 08 2024,14:07:42,0,0,0,0,0,0,0
11 08 2024,14:07:46,0,0,0,0,0,0,0
11 08 2024,14:07:55,0,0,0,0,0,0,0
11 08 2024,14:08:01,258,0.07,0.56,10.6,0.01,50.2,1
11 08 2024,14:08:07,256,0.07,0.57,10.6,0.01,50.2,1
11 08 2024,14:08:20,257.5,0.07,0.57,10.6,0.01,50.2,1
11 08 2024,14:08:24,257.5,0.07,0.57,10.6,0.01,50.2,1
11 08 2024,14:18:37,0,0,0,0,0,0,0
11 08 2024,14:18:41,0,0,0,0,0,0,0
11 08 2024,14:18:45,250,0.07,0.58,10.5,0,50.1,1
11 08 2024,14:18:49,253.9,0.07,0.57,10.5,0,50.2,1
11 08 2024,14:18:52,252,0.07,0.59,10.5,0,50.1,1
11 08 2024,14:18:57,252.3,0.07,0.58,10.5,0,50.2,1
11 08 2024,14:19:01,247.7,0.07,0.58,10.4,0,50.2,1
11 08 2024,14:19:05,247.9,0.07,0.58,10.4,0,50.2,1
11 08 2024,14:19:08,248.9,0.07,0.59,10.5,0,50.1,1
11 08 2024,14:19:12,253.3,0.07,0.58,10.5,0,50.2,1
11 08 2024,14:19:16,254.6,0.07,0.58,10.5,0,50.2,1
11 08 2024,14:19:19,251.9,0.07,0.58,10.5,0,50.1,1
11 08 2024,14:19:23,248.9,0.07,0.58,10.4,0,50.1,1
11 08 2024,14:19:27,248.9,0.07,0.58,10.4,0,50.2,1
11 08 2024,14:19:31,252.1,0.07,0.58,10.5,0,50.1,1
11 08 2024,14:19:34,254.5,0.07,0.57,10.5,0,50.1,1
11 08 2024,14:19:38,254.2,0.07,0.57,10.5,0,50.1,1
11 08 2024,14:19:42,250.2,0.07,0.58,10.5,0,50.1,1
11 08 2024,14:19:46,0,0,0,0,0,0,0
11 08 2024,14:19:50,0,0,0,0,0,0,0
11 08 2024,14:19:54,0,0,0,0,0,0,0
11 08 2024,14:19:59,0,0,0,0,0,0,0
11 08 2024,14:20:03,254.3,0.07,0.58,10.5,0,50.1,1
11 08 2024,14:20:07,254.3,0.07,0.58,10.5,0,50.1,1
11 08 2024,14:20:11,249.6,0.07,0.58,10.5,0,50.1,1
11 08 2024,14:20:14,248.8,0.07,0.59,10.5,0,50.1,1
11 08 2024,14:20:18,251.9,0.07,0.58,10.5,0,50.1,1
11 08 2024,14:20:22,252.1,0.07,0.58,10.5,0,50.1,1
11 08 2024,14:20:25,254.1,0.07,0.57,10.5,0,50.1,1
11 08 2024,14:20:30,250.1,0.07,0.58,10.5,0,50.1,1
11 08 2024,14:20:34,250.3,0.07,0.58,10.5,0,50.1,1
11 08 2024,14:20:37,249.8,0.07,0.58,10.5,0,50.1,1
11 08 2024,14:20:41,251.9,0.07,0.58,10.5,0,50.1,1
11 08 2024,14:20:45,250.6,0.07,0.58,10.5,0,50.1,1
11 08 2024,14:20:48,250.8,0.07,0.58,10.5,0,50.1,1
11 08 2024,14:20:52,248.9,0.07,0.58,10.4,0,50.1,1
11 08 2024,14:20:56,249,0.07,0.59,10.5,0,50.1,1
11 08 2024,14:20:59,250,0.07,0.58,10.5,0,50.1,1
11 08 2024,14:21:05,0,0,0,0,0,0,0
11 08 2024,14:21:09,0,0,0,0,0,0,0
11 08 2024,14:21:13,0,0,0,0,0,0,0
11 08 2024,14:21:18,0,0,0,0,0,0,0
11 08 2024,14:21:22,251,0.07,0.58,10.5,0,50.1,1
11 08 2024,14:21:26,251.1,0.07,0.58,10.5,0,50.1,1
11 08 2024,14:21:30,254.8,0.07,0.57,10.5,0,50.1,1
11 08 2024,14:21:33,252.2,0.07,0.58,10.5,0,50.1,1
11 08 2024,14:21:37,252.2,0.07,0.58,10.5,0,50.1,1
11 08 2024,14:21:41,253.5,0.07,0.58,10.5,0,50.1,1
11 08 2024,14:21:45,250.3,0.07,0.58,10.5,0,50.1,1
11 08 2024,14:21:49,250.2,0.07,0.58,10.5,0,50.1,1
11 08 2024,14:21:53,249.9,0.07,0.58,10.5,0,50.1,1
11 08 2024,14:21:56,254.4,0.07,0.58,10.5,0,50.1,1
11 08 2024,14:22:00,252.1,0.07,0.58,10.5,0,50.1,1
11 08 2024,14:22:04,252.2,0.07,0.58,10.5,0,50.1,1
11 08 2024,14:22:08,249,0.07,0.59,10.5,0,50.1,1
11 08 2024,14:22:12,250.2,0.07,0.58,10.5,0,50.1,1
11 08 2024,14:22:15,250.4,0.07,0.58,10.5,0,50.2,1
11 08 2024,14:22:19,250.3,0.07,0.58,10.5,0,50.2,1
11 08 2024,14:22:24,0,0,0,0,0,0,0
11 08 2024,14:22:28,0,0,0,0,0,0,0
11 08 2024,14:22:32,0,0,0,0,0,0,0
11 08 2024,14:22:37,0,0,0,0,0,0,0
11 08 2024,14:22:40,250.5,0.07,0.58,10.5,0,50.1,1
11 08 2024,14:22:44,250.5,0.07,0.58,10.5,0,50.2,1
11 08 2024,14:22:48,252.9,0.07,0.58,10.6,0,50.2,1
11 08 2024,14:22:52,254.8,0.07,0.59,10.6,0,50.2,1
11 08 2024,14:22:56,253.5,0.07,0.58,10.5,0,50.1,1
11 08 2024,14:23:00,253.3,0.07,0.58,10.5,0,50.1,1
11 08 2024,14:23:04,247.7,0.07,0.59,10.5,0,50.1,1
11 08 2024,14:23:08,250.7,0.07,0.58,10.5,0,50.1,1
11 08 2024,14:23:11,251.1,0.07,0.58,10.5,0,50.1,1
11 08 2024,14:23:15,255.5,0.07,0.57,10.5,0,50.1,1
11 08 2024,14:23:19,255.6,0.07,0.58,10.6,0,50.1,1
11 08 2024,14:23:23,253.4,0.07,0.58,10.5,0,50.2,1
11 08 2024,14:23:27,251.1,0.07,0.58,10.5,0,50.2,1
11 08 2024,14:23:30,249.2,0.07,0.59,10.5,0,50.2,1
11 08 2024,14:23:34,250.4,0.07,0.58,10.5,0,50.2,1
11 08 2024,14:23:38,249.2,0.07,0.59,10.5,0,50.2,1
11 08 2024,14:23:42,0,0,0,0,0,0,0
11 08 2024,14:23:47,0,0,0,0,0,0,0
11 08 2024,14:23:51,0,0,0,0,0,0,0
11 08 2024,14:23:55,0,0,0,0,0,0,0
11 08 2024,14:23:59,249.3,0.07,0.58,10.5,0,50.2,1
11 08 2024,14:24:02,254.2,0.07,0.57,10.5,0,50.2,1
11 08 2024,14:24:07,253.6,0.07,0.58,10.5,0,50.2,1
11 08 2024,14:24:11,253.3,0.07,0.58,10.5,0,50.2,1
11 08 2024,14:24:15,247.4,0.07,0.58,10.5,0,50.2,1
11 08 2024,14:24:18,247.9,0.07,0.58,10.5,0,50.2,1
11 08 2024,14:24:22,248,0.07,0.59,10.5,0,50.2,1
11 08 2024,14:24:26,252.4,0.07,0.58,10.5,0,50.2,1
11 08 2024,14:24:30,254.5,0.07,0.57,10.5,0,50.2,1
11 08 2024,14:24:34,254.8,0.07,0.57,10.5,0,50.2,1
11 08 2024,14:24:37,250.3,0.07,0.58,10.5,0,50.2,1
11 08 2024,14:24:41,250.2,0.07,0.58,10.5,0,50.2,1
11 08 2024,14:24:45,248.9,0.07,0.59,10.5,0,50.2,1
11 08 2024,14:24:49,252,0.07,0.58,10.5,0,50.2,1
11 08 2024,14:24:53,253.3,0.07,0.58,10.5,0,50.2,1
11 08 2024,14:24:56,254.7,0.07,0.57,10.5,0,50.2,1
11 08 2024,14:25:00,0,0,0,0,0,0,0
11 08 2024,14:25:05,0,0,0,0,0,0,0
11 08 2024,14:25:09,0,0,0,0,0,0,0
11 08 2024,14:25:13,0,0,0,0,0,0,0
11 08 2024,14:25:17,253.2,0.07,0.58,10.5,0,50.2,1
11 08 2024,14:25:21,0,0,0.58,0,0,50.2,0
11 08 2024,14:25:25,249.7,0.07,0.58,10.5,0,50.2,1
11 08 2024,14:25:29,250.5,0.07,0.57,10.5,0,50.2,1
11 08 2024,14:25:32,250.4,0.07,0.57,10.5,0,50.2,1
11 08 2024,14:25:36,254.2,0.07,0.58,10.6,0,50.2,1
11 08 2024,14:25:40,254.6,0.07,0.57,10.5,0,50.2,1
11 08 2024,14:25:44,253.4,0.07,0.58,10.5,0,50.2,1
11 08 2024,14:25:48,253.6,0.07,0.58,10.5,0,50.2,1
11 08 2024,14:25:52,249.2,0.07,0.58,10.5,0,50.2,1
11 08 2024,14:25:56,250.4,0.07,0.57,10.5,0,50.2,1
11 08 2024,14:26:01,250.3,0.07,0.57,10.5,0,50.2,1
11 08 2024,14:26:05,254.6,0.07,0.57,10.5,0,50.2,1
11 08 2024,14:26:09,254.9,0.07,0.57,10.5,0,50.2,1
11 08 2024,14:26:13,253.7,0.07,0.57,10.5,0,50.2,1
11 08 2024,14:26:17,249.2,0.07,0.58,10.5,0,50.2,1
11 08 2024,14:26:21,0,0,0,0,0,0,0
11 08 2024,14:26:26,0,0,0,0,0,0,0
11 08 2024,14:26:30,0,0,0,0,0,0,0
11 08 2024,14:26:35,0,0,0,0,0,0,0
11 08 2024,14:26:38,253.4,0.07,0.57,10.5,0,50.2,1
11 08 2024,14:26:42,249.9,0.07,0.58,10.5,0,50.1,1
11 08 2024,14:26:46,250.1,0.07,0.58,10.5,0,50.2,1
11 08 2024,14:26:50,250.1,0.07,0.58,10.5,0,50.2,1
11 08 2024,14:26:53,255.5,0.07,0.57,10.6,0,50.2,1
11 08 2024,14:26:57,255.1,0.07,0.58,10.6,0,50.2,1
11 08 2024,14:27:01,255.1,0.07,0.58,10.6,0,50.2,1
11 08 2024,14:27:05,251.7,0.07,0.58,10.6,0,50.2,1
11 08 2024,14:27:08,250.6,0.07,0.57,10.5,0,50.1,1
11 08 2024,14:27:12,250.8,0.07,0.57,10.5,0,50.1,1
11 08 2024,14:27:16,254.2,0.07,0.57,10.6,0,50.1,1
11 08 2024,14:27:19,254.1,0.07,0.57,10.5,0,50.2,1
11 08 2024,14:27:23,255.3,0.07,0.57,10.5,0,50.1,1
11 08 2024,14:27:26,252.7,0.07,0.58,10.5,0,50.1,1
11 08 2024,14:27:31,250,0.07,0.58,10.5,0,50.1,1
11 08 2024,14:27:34,250.8,0.07,0.57,10.5,0,50.1,1
11 08 2024,14:27:38,251,0.07,0.57,10.5,0,50.1,1
11 08 2024,14:27:42,0,0,0,0,0,0,0
11 08 2024,14:27:47,0,0,0,0,0,0,0
11 08 2024,14:27:54,0,0,0,0,0,0,0
11 08 2024,14:27:58,0,0,0,0,0,0,0
11 08 2024,14:28:04,252.5,0.07,0.58,10.5,0,50.1,1
11 08 2024,14:28:07,253.7,0.07,0.58,10.6,0,50.1,1
11 08 2024,14:28:11,251.9,0.07,0.57,10.5,0,50.2,1
11 08 2024,14:28:15,251.9,0.07,0.58,10.6,0,50.1,1
11 08 2024,14:28:19,248.1,0.07,0.58,10.5,0,50.1,1
11 08 2024,14:28:23,248.9,0.07,0.58,10.5,0,50.1,1
11 08 2024,14:28:26,249.2,0.07,0.58,10.5,0,50.2,1
11 08 2024,14:28:30,255.5,0.07,0.58,10.6,0,50.1,1
11 08 2024,14:28:34,255.8,0.07,0.57,10.5,0,50.2,1
11 08 2024,14:28:38,254.4,0.07,0.58,10.6,0,50.2,1
11 08 2024,14:28:42,249.2,0.07,0.58,10.5,0,50.2,1
11 08 2024,14:28:46,248,0.07,0.58,10.5,0,50.2,1
11 08 2024,14:28:49,249,0.07,0.58,10.5,0,50.2,1
11 08 2024,14:28:53,254.9,0.07,0.57,10.5,0,50.1,1
11 08 2024,14:28:57,255,0.07,0.57,10.5,0,50.2,1
11 08 2024,14:29:00,254.8,0.07,0.57,10.5,0,50.1,1
11 08 2024,14:29:05,0,0,0,0,0,0,0
11 08 2024,14:29:09,0,0,0,0,0,0,0
11 08 2024,14:29:14,0,0,0,0,0,0,0
11 08 2024,14:29:18,0,0,0,0,0,0,0
11 08 2024,14:29:22,254.4,0.07,0.57,10.6,0,50.1,1
11 08 2024,14:29:25,253.1,0.07,0.57,10.6,0,50.2,1
11 08 2024,14:29:29,250.6,0.07,0.57,10.5,0,50.1,1
11 08 2024,14:29:33,250.7,0.07,0.57,10.5,0,50.1,1
11 08 2024,14:29:37,253.5,0.07,0.57,10.6,0,50.1,1
11 08 2024,14:29:41,254.9,0.07,0.57,10.6,0,50.2,1
11 08 2024,14:29:45,253.8,0.07,0.57,10.6,0,50.1,1
11 08 2024,14:29:49,251.9,0.07,0.57,10.5,0,50.1,1
11 08 2024,14:29:53,250.2,0.07,0.57,10.5,0,50.2,1
11 08 2024,14:29:56,250.4,0.07,0.57,10.5,0,50.2,1
11 08 2024,14:30:00,253.3,0.07,0.57,10.5,0,50.2,1
11 08 2024,14:30:04,254.7,0.07,0.57,10.6,0,50.1,1
11 08 2024,14:30:07,255.1,0.07,0.58,10.6,0,50.1,1
11 08 2024,14:30:12,252.8,0.07,0.57,10.6,0,50.1,1
11 08 2024,14:30:15,249.7,0.07,0.58,10.5,0,50.1,1
11 08 2024,14:30:19,249.7,0.07,0.58,10.5,0,50.1,1
11 08 2024,14:30:24,0,0,0,0,0,0,0
11 08 2024,14:30:28,0,0,0,0,0,0,0
11 08 2024,14:30:33,0,0,0,0,0,0,0
11 08 2024,14:30:43,0,0,0,0,0,0,0
11 08 2024,14:30:47,253,0.07,0.57,10.6,0,50.1,1
11 08 2024,14:30:51,253.8,0.07,0.57,10.5,0,50.1,1
11 08 2024,14:30:55,254.6,0.07,0.57,10.6,0,50.1,1
11 08 2024,14:31:01,255,0.07,0.58,10.6,0,50.1,1
11 08 2024,14:31:06,250.5,0.07,0.57,10.5,0,50.2,1
11 08 2024,14:31:10,250.4,0.07,0.57,10.5,0,50.2,1
11 08 2024,14:31:18,255.2,0.07,0.56,10.6,0,50.2,1
11 08 2024,14:31:25,249.8,0.07,0.57,10.5,0,50.2,1
11 08 2024,14:31:32,250.9,0.07,0.57,10.5,0,50.2,1
11 08 2024,14:31:39,255.5,0.07,0.56,10.6,0,50.2,1
11 08 2024,14:31:43,255.7,0.07,0.57,10.6,0,50.3,1
11 08 2024,14:31:47,0,0,0,0,0,0,0
11 08 2024,14:31:52,0,0,0,0,0,0,0
11 08 2024,14:31:56,0,0,0,0,0,0,0
11 08 2024,14:32:05,0,0,0,0,0,0,0
11 08 2024,14:32:09,253.2,0.07,0.57,10.5,0,50.3,1
11 08 2024,14:32:13,249.6,0.07,0.57,10.5,0,50.2,1
11 08 2024,14:32:17,250.8,0.08,0.56,10.5,0,50.2,1
11 08 2024,14:32:20,251.8,0.07,0.57,10.6,0,50.3,1
11 08 2024,14:32:24,254.1,0.07,0.56,10.6,0,50.3,1
11 08 2024,14:32:28,255.2,0.07,0.56,10.6,0,50.2,1
11 08 2024,14:32:32,253.8,0.07,0.56,10.6,0,50.3,1
11 08 2024,14:32:38,251,0.07,0.57,10.5,0,50.3,1
11 08 2024,14:32:42,250.6,0.07,0.57,10.5,0,50.3,1
11 08 2024,14:32:45,255,0.07,0.56,10.6,0,50.3,1
11 08 2024,14:32:49,255,0.07,0.56,10.5,0,50.2,1
11 08 2024,14:32:53,254.3,0.07,0.56,10.5,0,50.3,1
11 08 2024,14:32:56,250.2,0.07,0.57,10.5,0,50.3,1
11 08 2024,14:33:00,251,0.07,0.57,10.5,0,50.3,1
11 08 2024,14:33:04,251,0.07,0.57,10.5,0,50.3,1
11 08 2024,14:33:08,0,0,0,0,0,0,0
11 08 2024,14:33:13,0,0,0,0,0,0,0
11 08 2024,14:33:24,0,0,0,0,0,0,0
11 08 2024,14:33:29,0,0,0,0,0,0,0
11 08 2024,14:33:38,255.4,0.07,0.56,10.6,0,50.3,1
11 08 2024,14:33:44,251.1,0.08,0.56,10.6,0,50.3,1
11 08 2024,14:33:48,250.8,0.07,0.57,10.5,0,50.2,1
11 08 2024,14:33:51,255,0.07,0.56,10.6,0,50.3,1
11 08 2024,14:33:55,255.2,0.07,0.56,10.6,0,50.2,1
11 08 2024,14:33:59,255.3,0.07,0.56,10.6,0,50.2,1
11 08 2024,14:34:03,251.4,0.07,0.56,10.5,0,50.2,1
11 08 2024,14:34:07,250.8,0.07,0.57,10.5,0,50.2,1
11 08 2024,14:34:10,250.9,0.07,0.57,10.5,0,50.2,1
11 08 2024,14:34:14,255.3,0.07,0.56,10.6,0,50.2,1
11 08 2024,14:34:18,255.1,0.07,0.56,10.6,0,50.2,1
11 08 2024,14:34:22,254.8,0.07,0.56,10.6,0,50.3,1
11 08 2024,14:34:26,250.5,0.07,0.57,10.5,0,50.3,1
11 08 2024,14:34:30,250.7,0.07,0.57,10.5,0,50.2,1
11 08 2024,14:34:34,0,0,0,0,0,0,0
11 08 2024,14:34:39,0,0,0,0,0,0,0
11 08 2024,14:34:43,0,0,0,0,0,0,0
11 08 2024,14:34:48,0,0,0,0,0,0,0
11 08 2024,14:34:52,250.8,0.08,0.56,10.5,0,50.2,1
11 08 2024,14:34:56,250.6,0.07,0.57,10.5,0,50.2,1
11 08 2024,14:34:59,254,0.07,0.56,10.6,0,50.2,1
11 08 2024,14:35:03,253.9,0.07,0.56,10.6,0,50.2,1
11 08 2024,14:35:07,255.3,0.07,0.56,10.6,0,50.2,1
11 08 2024,14:35:11,251.1,0.07,0.57,10.5,0,50.2,1
11 08 2024,14:35:15,251.1,0.07,0.57,10.5,0,50.2,1
11 08 2024,14:35:18,250.9,0.07,0.57,10.5,0,50.2,1
11 08 2024,14:35:22,255.1,0.07,0.56,10.6,0,50.3,1
11 08 2024,14:35:26,254.9,0.07,0.56,10.5,0,50.2,1
11 08 2024,14:35:30,255,0.07,0.56,10.6,0,50.2,1
11 08 2024,14:35:34,250.6,0.07,0.57,10.5,0,50.2,1
11 08 2024,14:35:38,251.5,0.07,0.56,10.5,0,50.2,1
11 08 2024,14:35:43,251.2,0.07,0.56,10.5,0,50.2,1
11 08 2024,14:35:46,254.5,0.07,0.56,10.6,0,50.2,1
11 08 2024,14:35:50,255.4,0.07,0.56,10.6,0,50.2,1
11 08 2024,14:35:54,0,0,0,0,0,0,0
11 08 2024,14:35:59,0,0,0,0,0,0,0
11 08 2024,14:36:04,0,0,0,0,0,0,0
11 08 2024,14:36:08,0,0,0,0,0,0,0
11 08 2024,14:36:12,254.3,0.07,0.56,10.6,0,50.3,1
11 08 2024,14:36:16,250.3,0.07,0.57,10.5,0,50.2,1
11 08 2024,14:36:20,249.9,0.07,0.57,10.5,0,50.2,1
11 08 2024,14:36:24,250.7,0.07,0.57,10.5,0,50.2,1
11 08 2024,14:36:27,255.4,0.07,0.56,10.6,0,50.2,1
11 08 2024,14:36:32,255.2,0.07,0.56,10.6,0,50.2,1
11 08 2024,14:36:35,255,0.07,0.56,10.6,0,50.2,1
11 08 2024,14:36:39,250.5,0.07,0.57,10.5,0,50.2,1
11 08 2024,14:36:43,251,0.07,0.57,10.5,0,50.2,1
11 08 2024,14:36:46,251,0.07,0.57,10.5,0,50.2,1
11 08 2024,14:36:50,255.2,0.07,0.56,10.6,0,50.2,1
11 08 2024,14:36:54,255.1,0.07,0.56,10.6,0,50.2,1
11 08 2024,14:36:59,254.7,0.07,0.56,10.6,0,50.2,1
11 08 2024,14:37:02,250.7,0.07,0.57,10.5,0,50.2,1
11 08 2024,14:37:06,250.6,0.07,0.57,10.5,0,50.2,1
11 08 2024,14:37:11,253.9,0.07,0.56,10.5,0,50.2,1
11 08 2024,14:37:15,0,0,0,0,0,0,0
11 08 2024,14:37:20,0,0,0,0,0,0,0
11 08 2024,14:37:24,0,0,0,0,0,0,0
11 08 2024,14:37:29,0,0,0,0,0,0,0
11 08 2024,14:37:32,253.6,0.08,0.56,10.6,0,50.2,1
11 08 2024,14:37:36,254.9,0.07,0.56,10.6,0,50.2,1
11 08 2024,14:37:40,255,0.07,0.56,10.6,0,50.2,1
11 08 2024,14:37:44,254.3,0.07,0.56,10.5,0,50.2,1
11 08 2024,14:37:47,250.4,0.08,0.56,10.5,0,50.2,1
11 08 2024,14:37:52,250.7,0.08,0.56,10.5,0,50.2,1
11 08 2024,14:37:56,250.8,0.08,0.56,10.5,0,50.2,1
11 08 2024,14:37:59,255.1,0.07,0.56,10.6,0,50.2,1
11 08 2024,14:38:03,255,0.07,0.56,10.5,0,50.2,1
11 08 2024,14:38:08,255.2,0.07,0.56,10.6,0,50.2,1
11 08 2024,14:38:11,251,0.07,0.57,10.5,0,50.2,1
11 08 2024,14:38:15,251.6,0.08,0.56,10.5,0,50.2,1
11 08 2024,14:38:19,251.2,0.08,0.56,10.5,0,50.2,1
11 08 2024,14:38:23,254.9,0.07,0.56,10.6,0,50.2,1
11 08 2024,14:38:26,255,0.07,0.56,10.5,0,50.2,1
11 08 2024,14:38:30,255.1,0.07,0.56,10.5,0,50.2,1
11 08 2024,14:38:35,0,0,0,0,0,0,0
11 08 2024,14:38:39,0,0,0,0,0,0,0
11 08 2024,14:38:44,0,0,0,0,0,0,0
11 08 2024,14:38:48,0,0,0,0,0,0,0
11 08 2024,14:38:52,252.6,0.07,0.56,10.5,0,50.3,1
11 08 2024,14:38:56,251,0.07,0.57,10.5,0,50.2,1
11 08 2024,14:38:59,250.9,0.07,0.57,10.6,0,50.3,1
11 08 2024,14:39:03,251,0.07,0.57,10.5,0,50.2,1
11 08 2024,14:39:07,255.1,0.07,0.56,10.6,0,50.3,1
